🚀 Ramin Bot is LIVE!
Error: HTTPSConnectionPool(host='tapi.bale.ai', port=443): Max retries exceeded with url: /bot659328109:QFVgG7mqkkOFzR_oflqXAb3uEUOXxwIuVVU/getUpdates?offset=1&timeout=20 (Caused by ConnectTimeoutError(<urllib3.connection.HTTPSConnection object at 0x7b497ccbf0>, 'Connection to tapi.bale.ai timed out. (connect timeout=None)'))
Error: HTTPSConnectionPool(host='tapi.bale.ai', port=443): Max retries exceeded with url: /bot659328109:QFVgG7mqkkOFzR_oflqXAb3uEUOXxwIuVVU/getUpdates?offset=1&timeout=20 (Caused by ConnectTimeoutError(<urllib3.connection.HTTPSConnection object at 0x7b497f25a0>, 'Connection to tapi.bale.ai timed out. (connect timeout=None)'))
Error: HTTPSConnectionPool(host='tapi.bale.ai', port=443): Max retries exceeded with url: /bot659328109:QFVgG7mqkkOFzR_oflqXAb3uEUOXxwIuVVU/getUpdates?offset=280&timeout=20 (Caused by ConnectTimeoutError(<urllib3.connection.HTTPSConnection object at 0x7b497f38c0>, 'Connection to tapi.bale.ai timed out. (connect timeout=None)'))
Error: HTTPSConnectionPool(host='tapi.bale.ai', port=443): Max retries exceeded with url: /bot659328109:QFVgG7mqkkOFzR_oflqXAb3uEUOXxwIuVVU/getUpdates?offset=280&timeout=20 (Caused by ConnectTimeoutError(<urllib3.connection.HTTPSConnection object at 0x7b497f2f00>, 'Connection to tapi.bale.ai timed out. (connect timeout=None)'))
Error: HTTPSConnectionPool(host='tapi.bale.ai', port=443): Max retries exceeded with url: /bot659328109:QFVgG7mqkkOFzR_oflqXAb3uEUOXxwIuVVU/getUpdates?offset=280&timeout=20 (Caused by ConnectTimeoutError(<urllib3.connection.HTTPSConnection object at 0x7b49828920>, 'Connection to tapi.bale.ai timed out. (connect timeout=None)'))
Error: HTTPSConnectionPool(host='tapi.bale.ai', port=443): Max retries exceeded with url: /bot659328109:QFVgG7mqkkOFzR_oflqXAb3uEUOXxwIuVVU/getUpdates?offset=280&timeout=20 (Caused by ConnectTimeoutError(<urllib3.connection.HTTPSConnection object at 0x7b497f3f50>, 'Connection to tapi.bale.ai timed out. (connect timeout=None)'))
Error: HTTPSConnectionPool(host='tapi.bale.ai', port=443): Max retries exceeded with url: /bot659328109:QFVgG7mqkkOFzR_oflqXAb3uEUOXxwIuVVU/getUpdates?offset=280&timeout=20 (Caused by ConnectTimeoutError(<urllib3.connection.HTTPSConnection object at 0x7b497f2630>, 'Connection to tapi.bale.ai timed out. (connect timeout=None)'))
Error: HTTPSConnectionPool(host='tapi.bale.ai', port=443): Max retries exceeded with url: /bot659328109:QFVgG7mqkkOFzR_oflqXAb3uEUOXxwIuVVU/getUpdates?offset=280&timeout=20 (Caused by ConnectTimeoutError(<urllib3.connection.HTTPSConnection object at 0x7b49828ec0>, 'Connection to tapi.bale.ai timed out. (connect timeout=None)'))
Error: HTTPSConnectionPool(host='tapi.bale.ai', port=443): Max retries exceeded with url: /bot659328109:QFVgG7mqkkOFzR_oflqXAb3uEUOXxwIuVVU/getUpdates?offset=280&timeout=20 (Caused by ConnectTimeoutError(<urllib3.connection.HTTPSConnection object at 0x7b498293d0>, 'Connection to tapi.bale.ai timed out. (connect timeout=None)'))
Error: HTTPSConnectionPool(host='tapi.bale.ai', port=443): Max retries exceeded with url: /bot659328109:QFVgG7mqkkOFzR_oflqXAb3uEUOXxwIuVVU/getUpdates?offset=280&timeout=20 (Caused by ConnectTimeoutError(<urllib3.connection.HTTPSConnection object at 0x7b49828560>, 'Connection to tapi.bale.ai timed out. (connect timeout=None)'))
Error: HTTPSConnectionPool(host='tapi.bale.ai', port=443): Max retries exceeded with url: /bot659328109:QFVgG7mqkkOFzR_oflqXAb3uEUOXxwIuVVU/getUpdates?offset=280&timeout=20 (Caused by ConnectTimeoutError(<urllib3.connection.HTTPSConnection object at 0x7b49829ee0>, 'Connection to tapi.bale.ai timed out. (connect timeout=None)'))
Error: HTTPSConnectionPool(host='tapi.bale.ai', port=443): Max retries exceeded with url: /bot659328109:QFVgG7mqkkOFzR_oflqXAb3uEUOXxwIuVVU/getUpdates?offset=280&timeout=20 (Caused by NameResolutionError("<urllib3.connection.HTTPSConnection object at 0x7b497f30e0>: Failed to resolve 'tapi.bale.ai' ([Errno 7] No address associated with hostname)"))
Error: HTTPSConnectionPool(host='tapi.bale.ai', port=443): Max retries exceeded with url: /bot659328109:QFVgG7mqkkOFzR_oflqXAb3uEUOXxwIuVVU/getUpdates?offset=280&timeout=20 (Caused by ConnectTimeoutError(<urllib3.connection.HTTPSConnection object at 0x7b497f2690>, 'Connection to tapi.bale.ai timed out. (connect timeout=None)'))
Error: HTTPSConnectionPool(host='tapi.bale.ai', port=443): Max retries exceeded with url: /bot659328109:QFVgG7mqkkOFzR_oflqXAb3uEUOXxwIuVVU/getUpdates?offset=280&timeout=20 (Caused by ConnectTimeoutError(<urllib3.connection.HTTPSConnection object at 0x7b497f2a20>, 'Connection to tapi.bale.ai timed out. (connect timeout=None)'))
Error: ('Connection aborted.', RemoteDisconnected('Remote end closed connection without response'))
Error: ('Connection aborted.', RemoteDisconnected('Remote end closed connection without response'))
Error: ('Connection aborted.', RemoteDisconnected('Remote end closed connection without response'))
Error: Expecting value: line 1 column 1 (char 0)
Error: HTTPSConnectionPool(host='tapi.bale.ai', port=443): Max retries exceeded with url: /bot659328109:QFVgG7mqkkOFzR_oflqXAb3uEUOXxwIuVVU/getUpdates?offset=280&timeout=20 (Caused by SSLError(SSLEOFError(8, '[SSL: UNEXPECTED_EOF_WHILE_READING] EOF occurred in violation of protocol (_ssl.c:1010)')))
Error: HTTPSConnectionPool(host='tapi.bale.ai', port=443): Max retries exceeded with url: /bot659328109:QFVgG7mqkkOFzR_oflqXAb3uEUOXxwIuVVU/getUpdates?offset=280&timeout=20 (Caused by SSLError(SSLEOFError(8, '[SSL: UNEXPECTED_EOF_WHILE_READING] EOF occurred in violation of protocol (_ssl.c:1010)')))
Error: ('Connection aborted.', RemoteDisconnected('Remote end closed connection without response'))
Error: ('Connection aborted.', RemoteDisconnected('Remote end closed connection without response'))
Error: ('Connection aborted.', RemoteDisconnected('Remote end closed connection without response'))
Error: ('Connection aborted.', RemoteDisconnected('Remote end closed connection without response'))
Error: ('Connection aborted.', RemoteDisconnected('Remote end closed connection without response'))
Error: ('Connection aborted.', RemoteDisconnected('Remote end closed connection without response'))
Error: ('Connection aborted.', RemoteDisconnected('Remote end closed connection without response'))
Error: ('Connection aborted.', RemoteDisconnected('Remote end closed connection without response'))
Error: ('Connection aborted.', RemoteDisconnected('Remote end closed connection without response'))
Error: ('Connection aborted.', RemoteDisconnected('Remote end closed connection without response'))
Error: HTTPSConnectionPool(host='tapi.bale.ai', port=443): Max retries exceeded with url: /bot659328109:QFVgG7mqkkOFzR_oflqXAb3uEUOXxwIuVVU/getUpdates?offset=280&timeout=20 (Caused by ConnectTimeoutError(<urllib3.connection.HTTPSConnection object at 0x7b497f2930>, 'Connection to tapi.bale.ai timed out. (connect timeout=None)'))
Error: HTTPSConnectionPool(host='tapi.bale.ai', port=443): Max retries exceeded with url: /bot659328109:QFVgG7mqkkOFzR_oflqXAb3uEUOXxwIuVVU/getUpdates?offset=280&timeout=20 (Caused by ConnectTimeoutError(<urllib3.connection.HTTPSConnection object at 0x7b497f2360>, 'Connection to tapi.bale.ai timed out. (connect timeout=None)'))
Error: HTTPSConnectionPool(host='tapi.bale.ai', port=443): Max retries exceeded with url: /bot659328109:QFVgG7mqkkOFzR_oflqXAb3uEUOXxwIuVVU/getUpdates?offset=280&timeout=20 (Caused by ConnectTimeoutError(<urllib3.connection.HTTPSConnection object at 0x7b4982a690>, 'Connection to tapi.bale.ai timed out. (connect timeout=None)'))
Error: HTTPSConnectionPool(host='tapi.bale.ai', port=443): Max retries exceeded with url: /bot659328109:QFVgG7mqkkOFzR_oflqXAb3uEUOXxwIuVVU/getUpdates?offset=280&timeout=20 (Caused by ConnectTimeoutError(<urllib3.connection.HTTPSConnection object at 0x7b498282f0>, 'Connection to tapi.bale.ai timed out. (connect timeout=None)'))
Error: ('Connection aborted.', RemoteDisconnected('Remote end closed connection without response'))
Error: HTTPSConnectionPool(host='tapi.bale.ai', port=443): Max retries exceeded with url: /bot659328109:QFVgG7mqkkOFzR_oflqXAb3uEUOXxwIuVVU/getUpdates?offset=280&timeout=20 (Caused by ConnectTimeoutError(<urllib3.connection.HTTPSConnection object at 0x7b497f2240>, 'Connection to tapi.bale.ai timed out. (connect timeout=None)'))🚀 Ramin Bot is LIVE!
Error: HTTPSConnectionPool(host='tapi.bale.ai', port=443): Max retries exceeded with url: /bot659328109:QFVgG7mqkkOFzR_oflqXAb3uEUOXxwIuVVU/getUpdates?offset=1&timeout=20 (Caused by ConnectTimeoutError(<urllib3.connection.HTTPSConnection object at 0x711642a240>, 'Connection to tapi.bale.ai timed out. (connect timeout=None)'))
Error: HTTPSConnectionPool(host='tapi.bale.ai', port=443): Max retries exceeded with url: /bot659328109:QFVgG7mqkkOFzR_oflqXAb3uEUOXxwIuVVU/getUpdates?offset=1&timeout=20 (Caused by ConnectTimeoutError(<urllib3.connection.HTTPSConnection object at 0x711642ac00>, 'Connection to tapi.bale.ai timed out. (connect timeout=None)'))
Error: HTTPSConnectionPool(host='tapi.bale.ai', port=443): Max retries exceeded with url: /bot659328109:QFVgG7mqkkOFzR_oflqXAb3uEUOXxwIuVVU/getUpdates?offset=280&timeout=20 (Caused by ConnectTimeoutError(<urllib3.connection.HTTPSConnection object at 0x711642b230>, 'Connection to tapi.bale.ai timed out. (connect timeout=None)'))
Error: HTTPSConnectionPool(host='tapi.bale.ai', port=443): Max retries exceeded with url: /bot659328109:QFVgG7mqkkOFzR_oflqXAb3uEUOXxwIuVVU/getUpdates?offset=280&timeout=20 (Caused by ConnectTimeoutError(<urllib3.connection.HTTPSConnection object at 0x711642bc20>, 'Connection to tapi.bale.ai timed out. (connect timeout=None)'))
Error: HTTPSConnectionPool(host='tapi.bale.ai', port=443): Max retries exceeded with url: /bot659328109:QFVgG7mqkkOFzR_oflqXAb3uEUOXxwIuVVU/getUpdates?offset=280&timeout=20 (Caused by ConnectTimeoutError(<urllib3.connection.HTTPSConnection object at 0x7116458500>, 'Connection to tapi.bale.ai timed out. (connect timeout=None)'))
Error: HTTPSConnectionPool(host='tapi.bale.ai', port=443): Max retries exceeded with url: /bot659328109:QFVgG7mqkkOFzR_oflqXAb3uEUOXxwIuVVU/getUpdates?offset=280&timeout=20 (Caused by ConnectTimeoutError(<urllib3.connection.HTTPSConnection object at 0x711642b260>, 'Connection to tapi.bale.ai timed out. (connect timeout=None)'))
Error: HTTPSConnectionPool(host='tapi.bale.ai', port=443): Max retries exceeded with url: /bot659328109:QFVgG7mqkkOFzR_oflqXAb3uEUOXxwIuVVU/getUpdates?offset=280&timeout=20 (Caused by ConnectTimeoutError(<urllib3.connection.HTTPSConnection object at 0x711642a390>, 'Connection to tapi.bale.ai timed out. (connect timeout=None)'))
Error: HTTPSConnectionPool(host='tapi.bale.ai', port=443): Max retries exceeded with url: /bot659328109:QFVgG7mqkkOFzR_oflqXAb3uEUOXxwIuVVU/getUpdates?offset=280&timeout=20 (Caused by ConnectTimeoutError(<urllib3.connection.HTTPSConnection object at 0x711642a6f0>, 'Connection to tapi.bale.ai timed out. (connect timeout=None)'))
Error: HTTPSConnectionPool(host='tapi.bale.ai', port=443): Max retries exceeded with url: /bot659328109:QFVgG7mqkkOFzR_oflqXAb3uEUOXxwIuVVU/getUpdates?offset=280&timeout=20 (Caused by ConnectTimeoutError(<urllib3.connection.HTTPSConnection object at 0x7116458bc0>, 'Connection to tapi.bale.ai timed out. (connect timeout=None)'))
Error: HTTPSConnectionPool(host='tapi.bale.ai', port=443): Max retries exceeded with url: /bot659328109:QFVgG7mqkkOFzR_oflqXAb3uEUOXxwIuVVU/getUpdates?offset=281&timeout=20 (Caused by NewConnectionError('<urllib3.connection.HTTPSConnection object at 0x711642b110>: Failed to establish a new connection: [Errno 111] Connection refused'))
Error: ('Connection aborted.', RemoteDisconnected('Remote end closed connection without response'))
Error: HTTPSConnectionPool(host='tapi.bale.ai', port=443): Max retries exceeded with url: /bot659328109:QFVgG7mqkkOFzR_oflqXAb3uEUOXxwIuVVU/getUpdates?offset=281&timeout=20 (Caused by ConnectTimeoutError(<urllib3.connection.HTTPSConnection object at 0x71163fcef0>, 'Connection to tapi.bale.ai timed out. (connect timeout=None)'))
Error: HTTPSConnectionPool(host='tapi.bale.ai', port=443): Max retries exceeded with url: /bot659328109:QFVgG7mqkkOFzR_oflqXAb3uEUOXxwIuVVU/getUpdates?offset=281&timeout=20 (Caused by ConnectTimeoutError(<urllib3.connection.HTTPSConnection object at 0x71164294f0>, 'Connection to tapi.bale.ai timed out. (connect timeout=None)'))
Error: ('Connection aborted.', RemoteDisconnected('Remote end closed connection without response'))
Error: ('Connection aborted.', RemoteDisconnected('Remote end closed connection without response'))
Error: ('Connection aborted.', RemoteDisconnected('Remote end closed connection without response'))
Error: HTTPSConnectionPool(host='tapi.bale.ai', port=443): Max retries exceeded with url: /bot659328109:QFVgG7mqkkOFzR_oflqXAb3uEUOXxwIuVVU/getUpdates?offset=281&timeout=20 (Caused by ConnectTimeoutError(<urllib3.connection.HTTPSConnection object at 0x71164597c0>, 'Connection to tapi.bale.ai timed out. (connect timeout=None)'))
Error: HTTPSConnectionPool(host='tapi.bale.ai', port=443): Max retries exceeded with url: /bot659328109:QFVgG7mqkkOFzR_oflqXAb3uEUOXxwIuVVU/getUpdates?offset=281&timeout=20 (Caused by ConnectTimeoutError(<urllib3.connection.HTTPSConnection object at 0x711642bd10>, 'Connection to tapi.bale.ai timed out. (connect timeout=None)'))
Error: ('Connection aborted.', RemoteDisconnected('Remote end closed connection without response'))
Error: ('Connection aborted.', ConnectionResetError(104, 'Connection reset by peer'))
Error: ('Connection aborted.', RemoteDisconnected('Remote end closed connection without response'))
Error: HTTPSConnectionPool(host='tapi.bale.ai', port=443): Max retries exceeded with url: /bot659328109:QFVgG7mqkkOFzR_oflqXAb3uEUOXxwIuVVU/getUpdates?offset=281&timeout=20 (Caused by ConnectTimeoutError(<urllib3.connection.HTTPSConnection object at 0x711645a840>, 'Connection to tapi.bale.ai timed out. (connect timeout=None)'))
Error: ('Connection aborted.', RemoteDisconnected('Remote end closed connection without response'))
Error: ('Connection aborted.', RemoteDisconnected('Remote end closed connection without response'))
Error: ('Connection aborted.', RemoteDisconnected('Remote end closed connection without response'))
Error: HTTPSConnectionPool(host='tapi.bale.ai', port=443): Max retries exceeded with url: /bot659328109:QFVgG7mqkkOFzR_oflqXAb3uEUOXxwIuVVU/getUpdates?offset=281&timeout=20 (Caused by ConnectTimeoutError(<urllib3.connection.HTTPSConnection object at 0x711642a990>, 'Connection to tapi.bale.ai timed out. (connect timeout=None)'))
Error: HTTPSConnectionPool(host='tapi.bale.ai', port=443): Max retries exceeded with url: /bot659328109:QFVgG7mqkkOFzR_oflqXAb3uEUOXxwIuVVU/getUpdates?offset=281&timeout=20 (Caused by ConnectTimeoutError(<urllib3.connection.HTTPSConnection object at 0x7116dbba70>, 'Connection to tapi.bale.ai timed out. (connect timeout=None)'))
Error: HTTPSConnectionPool(host='tapi.bale.ai', port=443): Max retries exceeded with url: /bot659328109:QFVgG7mqkkOFzR_oflqXAb3uEUOXxwIuVVU/getUpdates?offset=281&timeout=20 (Caused by ConnectTimeoutError(<urllib3.connection.HTTPSConnection object at 0x7116459790>, 'Connection to tapi.bale.ai timed out. (connect timeout=None)'))
Error: HTTPSConnectionPool(host='tapi.bale.ai', port=443): Max retries exceeded with url: /bot659328109:QFVgG7mqkkOFzR_oflqXAb3uEUOXxwIuVVU/getUpdates?offset=281&timeout=20 (Caused by ConnectTimeoutError(<urllib3.connection.HTTPSConnection object at 0x711645aab0>, 'Connection to tapi.bale.ai timed out. (connect timeout=None)'))
Error: HTTPSConnectionPool(host='tapi.bale.ai', port=443): Max retries exceeded with url: /bot659328109:QFVgG7mqkkOFzR_oflqXAb3uEUOXxwIuVVU/getUpdates?offset=281&timeout=20 (Caused by ConnectTimeoutError(<urllib3.connection.HTTPSConnection object at 0x711642a420>, 'Connection to tapi.bale.ai timed out. (connect timeout=None)'))
Error: HTTPSConnectionPool(host='tapi.bale.ai', port=443): Max retries exceeded with url: /bot659328109:QFVgG7mqkkOFzR_oflqXAb3uEUOXxwIuVVU/getUpdates?offset=281&timeout=20 (Caused by ConnectTimeoutError(<urllib3.connection.HTTPSConnection object at 0x711642b620>, 'Connection to tapi.bale.ai timed out. (connect timeout=None)'))
Error: ('Connection aborted.', RemoteDisconnected('Remote end closed connection without response'))
Error: ('Connection aborted.', ConnectionResetError(104, 'Connection reset by peer'))
Error: ('Connection aborted.', RemoteDisconnected('Remote end closed connection without response'))🚀 Ramin Bot is LIVE!
Error: ('Connection aborted.', RemoteDisconnected('Remote end closed connection without response'))
Error: ('Connection aborted.', RemoteDisconnected('Remote end closed connection without response'))
Error: HTTPSConnectionPool(host='tapi.bale.ai', port=443): Max retries exceeded with url: /bot659328109:QFVgG7mqkkOFzR_oflqXAb3uEUOXxwIuVVU/getUpdates?offset=1&timeout=20 (Caused by ConnectTimeoutError(<urllib3.connection.HTTPSConnection object at 0x72dc02e4e0>, 'Connection to tapi.bale.ai timed out. (connect timeout=None)'))
Error: HTTPSConnectionPool(host='tapi.bale.ai', port=443): Max retries exceeded with url: /bot659328109:QFVgG7mqkkOFzR_oflqXAb3uEUOXxwIuVVU/getUpdates?offset=1&timeout=20 (Caused by NewConnectionError('<urllib3.connection.HTTPSConnection object at 0x72dc02ea50>: Failed to establish a new connection: [Errno 111] Connection refused'))
Error: HTTPSConnectionPool(host='tapi.bale.ai', port=443): Max retries exceeded with url: /bot659328109:QFVgG7mqkkOFzR_oflqXAb3uEUOXxwIuVVU/getUpdates?offset=1&timeout=20 (Caused by NewConnectionError('<urllib3.connection.HTTPSConnection object at 0x72dc02f1a0>: Failed to establish a new connection: [Errno 111] Connection refused'))
Error: HTTPSConnectionPool(host='tapi.bale.ai', port=443): Max retries exceeded with url: /bot659328109:QFVgG7mqkkOFzR_oflqXAb3uEUOXxwIuVVU/getUpdates?offset=1&timeout=20 (Caused by NewConnectionError('<urllib3.connection.HTTPSConnection object at 0x72dc02f9e0>: Failed to establish a new connection: [Errno 111] Connection refused'))
Error: HTTPSConnectionPool(host='tapi.bale.ai', port=443): Max retries exceeded with url: /bot659328109:QFVgG7mqkkOFzR_oflqXAb3uEUOXxwIuVVU/getUpdates?offset=1&timeout=20 (Caused by ConnectTimeoutError(<urllib3.connection.HTTPSConnection object at 0x72dbfdbb30>, 'Connection to tapi.bale.ai timed out. (connect timeout=None)'))
Error: HTTPSConnectionPool(host='tapi.bale.ai', port=443): Max retries exceeded with url: /bot659328109:QFVgG7mqkkOFzR_oflqXAb3uEUOXxwIuVVU/getUpdates?offset=1&timeout=20 (Caused by NewConnectionError('<urllib3.connection.HTTPSConnection object at 0x72dc02f680>: Failed to establish a new connection: [Errno 111] Connection refused'))
Error: HTTPSConnectionPool(host='tapi.bale.ai', port=443): Max retries exceeded with url: /bot659328109:QFVgG7mqkkOFzR_oflqXAb3uEUOXxwIuVVU/getUpdates?offset=1&timeout=20 (Caused by ConnectTimeoutError(<urllib3.connection.HTTPSConnection object at 0x72dc02ede0>, 'Connection to tapi.bale.ai timed out. (connect timeout=None)'))
Error: HTTPSConnectionPool(host='tapi.bale.ai', port=443): Max retries exceeded with url: /bot659328109:QFVgG7mqkkOFzR_oflqXAb3uEUOXxwIuVVU/getUpdates?offset=1&timeout=20 (Caused by ConnectTimeoutError(<urllib3.connection.HTTPSConnection object at 0x72dc02e630>, 'Connection to tapi.bale.ai timed out. (connect timeout=None)'))
Error: ('Connection aborted.', RemoteDisconnected('Remote end closed connection without response'))
Error: HTTPSConnectionPool(host='tapi.bale.ai', port=443): Max retries exceeded with url: /bot659328109:QFVgG7mqkkOFzR_oflqXAb3uEUOXxwIuVVU/getUpdates?offset=1&timeout=20 (Caused by ConnectTimeoutError(<urllib3.connection.HTTPSConnection object at 0x72dc0649b0>, 'Connection to tapi.bale.ai timed out. (connect timeout=None)'))
Error: HTTPSConnectionPool(host='tapi.bale.ai', port=443): Max retries exceeded with url: /bot659328109:QFVgG7mqkkOFzR_oflqXAb3uEUOXxwIuVVU/getUpdates?offset=1&timeout=20 (Caused by ConnectTimeoutError(<urllib3.connection.HTTPSConnection object at 0x72dc000ad0>, 'Connection to tapi.bale.ai timed out. (connect timeout=None)'))
Error: ('Connection aborted.', RemoteDisconnected('Remote end closed connection without response'))
Error: ('Connection aborted.', RemoteDisconnected('Remote end closed connection without response'))
Error: ('Connection aborted.', RemoteDisconnected('Remote end closed connection without response'))
Error: HTTPSConnectionPool(host='tapi.bale.ai', port=443): Max retries exceeded with url: /bot659328109:QFVgG7mqkkOFzR_oflqXAb3uEUOXxwIuVVU/getUpdates?offset=1&timeout=20 (Caused by ConnectTimeoutError(<urllib3.connection.HTTPSConnection object at 0x72dc02fdd0>, 'Connection to tapi.bale.ai timed out. (connect timeout=None)'))
Error: ('Connection aborted.', ConnectionResetError(104, 'Connection reset by peer'))
Error: ('Connection aborted.', RemoteDisconnected('Remote end closed connection without response'))
Error: HTTPSConnectionPool(host='tapi.bale.ai', port=443): Max retries exceeded with url: /bot659328109:QFVgG7mqkkOFzR_oflqXAb3uEUOXxwIuVVU/getUpdates?offset=1&timeout=20 (Caused by ConnectTimeoutError(<urllib3.connection.HTTPSConnection object at 0x72dc02fec0>, 'Connection to tapi.bale.ai timed out. (connect timeout=None)'))
Error: ('Connection aborted.', ConnectionAbortedError(103, 'Software caused connection abort'))
Error: HTTPSConnectionPool(host='tapi.bale.ai', port=443): Max retries exceeded with url: /bot659328109:QFVgG7mqkkOFzR_oflqXAb3uEUOXxwIuVVU/getUpdates?offset=1&timeout=20 (Caused by NameResolutionError("<urllib3.connection.HTTPSConnection object at 0x72dc02e420>: Failed to resolve 'tapi.bale.ai' ([Errno 7] No address associated with hostname)"))
Error: HTTPSConnectionPool(host='tapi.bale.ai', port=443): Max retries exceeded with url: /bot659328109:QFVgG7mqkkOFzR_oflqXAb3uEUOXxwIuVVU/getUpdates?offset=1&timeout=20 (Caused by NameResolutionError("<urllib3.connection.HTTPSConnection object at 0x72dc02d7c0>: Failed to resolve 'tapi.bale.ai' ([Errno 7] No address associated with hostname)"))
Error: HTTPSConnectionPool(host='tapi.bale.ai', port=443): Max retries exceeded with url: /bot659328109:QFVgG7mqkkOFzR_oflqXAb3uEUOXxwIuVVU/getUpdates?offset=1&timeout=20 (Caused by NameResolutionError("<urllib3.connection.HTTPSConnection object at 0x72dc0647a0>: Failed to resolve 'tapi.bale.ai' ([Errno 7] No address associated with hostname)"))
Error: HTTPSConnectionPool(host='tapi.bale.ai', port=443): Max retries exceeded with url: /bot659328109:QFVgG7mqkkOFzR_oflqXAb3uEUOXxwIuVVU/getUpdates?offset=1&timeout=20 (Caused by NameResolutionError("<urllib3.connection.HTTPSConnection object at 0x72dc064f80>: Failed to resolve 'tapi.bale.ai' ([Errno 7] No address associated with hostname)"))
Error: HTTPSConnectionPool(host='tapi.bale.ai', port=443): Max retries exceeded with url: /bot659328109:QFVgG7mqkkOFzR_oflqXAb3uEUOXxwIuVVU/getUpdates?offset=1&timeout=20 (Caused by NameResolutionError("<urllib3.connection.HTTPSConnection object at 0x72dc02d6d0>: Failed to resolve 'tapi.bale.ai' ([Errno 7] No address associated with hostname)"))
Error: ('Connection aborted.', RemoteDisconnected('Remote end closed connection without response'))
Error: HTTPSConnectionPool(host='tapi.bale.ai', port=443): Max retries exceeded with url: /bot659328109:QFVgG7mqkkOFzR_oflqXAb3uEUOXxwIuVVU/getUpdates?offset=282&timeout=20 (Caused by NameResolutionError("<urllib3.connection.HTTPSConnection object at 0x72dc02f8f0>: Failed to resolve 'tapi.bale.ai' ([Errno 7] No address associated with hostname)"))
Error: HTTPSConnectionPool(host='tapi.bale.ai', port=443): Max retries exceeded with url: /bot659328109:QFVgG7mqkkOFzR_oflqXAb3uEUOXxwIuVVU/getUpdates?offset=282&timeout=20 (Caused by NameResolutionError("<urllib3.connection.HTTPSConnection object at 0x72dc0641a0>: Failed to resolve 'tapi.bale.ai' ([Errno 7] No address associated with hostname)"))
Error: HTTPSConnectionPool(host='tapi.bale.ai', port=443): Max retries exceeded with url: /bot659328109:QFVgG7mqkkOFzR_oflqXAb3uEUOXxwIuVVU/getUpdates?offset=282&timeout=20 (Caused by NameResolutionError("<urllib3.connection.HTTPSConnection object at 0x72dc066180>: Failed to resolve 'tapi.bale.ai' ([Errno 7] No address associated with hostname)"))
Error: ('Connection aborted.', RemoteDisconnected('Remote end closed connection without response'))
Error: HTTPSConnectionPool(host='tapi.bale.ai', port=443): Max retries exceeded with url: /bot659328109:QFVgG7mqkkOFzR_oflqXAb3uEUOXxwIuVVU/getUpdates?offset=282&timeout=20 (Caused by NameResolutionError("<urllib3.connection.HTTPSConnection object at 0x72e04e7110>: Failed to resolve 'tapi.bale.ai' ([Errno 7] No address associated with hostname)"))
Error: ('Connection aborted.', RemoteDisconnected('Remote end closed connection without response'))
Error: HTTPSConnectionPool(host='tapi.bale.ai', port=443): Max retries exceeded with url: /bot659328109:QFVgG7mqkkOFzR_oflqXAb3uEUOXxwIuVVU/getUpdates?offset=280&timeout=20 (Caused by ConnectTimeoutError(<urllib3.connection.HTTPSConnection object at 0x7b4d579c70>, 'Connection to tapi.bale.ai timed out. (connect timeout=None)'))
Error: HTTPSConnectionPool(host='tapi.bale.ai', port=443): Max retries exceeded with url: /bot659328109:QFVgG7mqkkOFzR_oflqXAb3uEUOXxwIuVVU/getUpdates?offset=280&timeout=20 (Caused by ConnectTimeoutError(<urllib3.connection.HTTPSConnection object at 0x7b4982a5a0>, 'Connection to tapi.bale.ai timed out. (connect timeout=None)'))
Error: HTTPSConnectionPool(host='tapi.bale.ai', port=443): Max retries exceeded with url: /bot659328109:QFVgG7mqkkOFzR_oflqXAb3uEUOXxwIuVVU/getUpdates?offset=280&timeout=20 (Caused by ConnectTimeoutError(<urllib3.connection.HTTPSConnection object at 0x7b4982a2a0>, 'Connection to tapi.bale.ai timed out. (connect timeout=None)'))
Error: ('Connection aborted.', RemoteDisconnected('Remote end closed connection without response'))
Error: ('Connection aborted.', RemoteDisconnected('Remote end closed connection without response'))
Error: HTTPSConnectionPool(host='tapi.bale.ai', port=443): Max retries exceeded with url: /bot659328109:QFVgG7mqkkOFzR_oflqXAb3uEUOXxwIuVVU/getUpdates?offset=280&timeout=20 (Caused by NameResolutionError("<urllib3.connection.HTTPSConnection object at 0x7b497a7b90>: Failed to resolve 'tapi.bale.ai' ([Errno 7] No address associated with hostname)"))
Error: HTTPSConnectionPool(host='tapi.bale.ai', port=443): Max retries exceeded with url: /bot659328109:QFVgG7mqkkOFzR_oflqXAb3uEUOXxwIuVVU/getUpdates?offset=280&timeout=20 (Caused by NameResolutionError("<urllib3.connection.HTTPSConnection object at 0x7b497f2630>: Failed to resolve 'tapi.bale.ai' ([Errno 7] No address associated with hostname)"))
Error: HTTPSConnectionPool(host='tapi.bale.ai', port=443): Max retries exceeded with url: /bot659328109:QFVgG7mqkkOFzR_oflqXAb3uEUOXxwIuVVU/getUpdates?offset=280&timeout=20 (Caused by NameResolutionError("<urllib3.connection.HTTPSConnection object at 0x7b497f2960>: Failed to resolve 'tapi.bale.ai' ([Errno 7] No address associated with hostname)"))
Error: HTTPSConnectionPool(host='tapi.bale.ai', port=443): Max retries exceeded with url: /bot659328109:QFVgG7mqkkOFzR_oflqXAb3uEUOXxwIuVVU/getUpdates?offset=280&timeout=20 (Caused by NameResolutionError("<urllib3.connection.HTTPSConnection object at 0x7b498296d0>: Failed to resolve 'tapi.bale.ai' ([Errno 7] No address associated with hostname)"))
Error: HTTPSConnectionPool(host='tapi.bale.ai', port=443): Max retries exceeded with url: /bot659328109:QFVgG7mqkkOFzR_oflqXAb3uEUOXxwIuVVU/getUpdates?offset=280&timeout=20 (Caused by NameResolutionError("<urllib3.connection.HTTPSConnection object at 0x7b4982b1a0>: Failed to resolve 'tapi.bale.ai' ([Errno 7] No address associated with hostname)"))
Error: Expecting value: line 1 column 1 (char 0)
Error: ('Connection aborted.', RemoteDisconnected('Remote end closed connection without response'))
Error: HTTPSConnectionPool(host='tapi.bale.ai', port=443): Max retries exceeded with url: /bot659328109:QFVgG7mqkkOFzR_oflqXAb3uEUOXxwIuVVU/getUpdates?offset=282&timeout=20 (Caused by NameResolutionError("<urllib3.connection.HTTPSConnection object at 0x7b497f3aa0>: Failed to resolve 'tapi.bale.ai' ([Errno 7] No address associated with hostname)"))
Error: ('Connection aborted.', RemoteDisconnected('Remote end closed connection without response'))
Error: HTTPSConnectionPool(host='tapi.bale.ai', port=443): Max retries exceeded with url: /bot659328109:QFVgG7mqkkOFzR_oflqXAb3uEUOXxwIuVVU/getUpdates?offset=282&timeout=20 (Caused by NameResolutionError("<urllib3.connection.HTTPSConnection object at 0x7b4982aa20>: Failed to resolve 'tapi.bale.ai' ([Errno 7] No address associated with hostname)"))
Error: HTTPSConnectionPool(host='tapi.bale.ai', port=443): Max retries exceeded with url: /bot659328109:QFVgG7mqkkOFzR_oflqXAb3uEUOXxwIuVVU/getUpdates?offset=282&timeout=20 (Caused by NameResolutionError("<urllib3.connection.HTTPSConnection object at 0x7b4982b380>: Failed to resolve 'tapi.bale.ai' ([Errno 7] No address associated with hostname)"))
Error: HTTPSConnectionPool(host='tapi.bale.ai', port=443): Max retries exceeded with url: /bot659328109:QFVgG7mqkkOFzR_oflqXAb3uEUOXxwIuVVU/getUpdates?offset=282&timeout=20 (Caused by NameResolutionError("<urllib3.connection.HTTPSConnection object at 0x7b49828c50>: Failed to resolve 'tapi.bale.ai' ([Errno 7] No address associated with hostname)"))
Error: HTTPSConnectionPool(host='tapi.bale.ai', port=443): Max retries exceeded with url: /bot659328109:QFVgG7mqkkOFzR_oflqXAb3uEUOXxwIuVVU/getUpdates?offset=282&timeout=20 (Caused by NameResolutionError("<urllib3.connection.HTTPSConnection object at 0x7b4d997e00>: Failed to resolve 'tapi.bale.ai' ([Errno 7] No address associated with hostname)"))
Error: HTTPSConnectionPool(host='tapi.bale.ai', port=443): Max retries exceeded with url: /bot659328109:QFVgG7mqkkOFzR_oflqXAb3uEUOXxwIuVVU/getUpdates?offset=282&timeout=20 (Caused by NameResolutionError("<urllib3.connection.HTTPSConnection object at 0x7b497a7b90>: Failed to resolve 'tapi.bale.ai' ([Errno 7] No address associated with hostname)"))
Error: HTTPSConnectionPool(host='tapi.bale.ai', port=443): Max retries exceeded with url: /bot659328109:QFVgG7mqkkOFzR_oflqXAb3uEUOXxwIuVVU/getUpdates?offset=282&timeout=20 (Caused by NameResolutionError("<urllib3.connection.HTTPSConnection object at 0x7b497f3f20>: Failed to resolve 'tapi.bale.ai' ([Errno 7] No address associated with hostname)"))
Error: HTTPSConnectionPool(host='tapi.bale.ai', port=443): Max retries exceeded with url: /bot659328109:QFVgG7mqkkOFzR_oflqXAb3uEUOXxwIuVVU/getUpdates?offset=282&timeout=20 (Caused by NameResolutionError("<urllib3.connection.HTTPSConnection object at 0x7b49cfe600>: Failed to resolve 'tapi.bale.ai' ([Errno 7] No address associated with hostname)"))
Error: HTTPSConnectionPool(host='tapi.bale.ai', port=443): Max retries exceeded with url: /bot659328109:QFVgG7mqkkOFzR_oflqXAb3uEUOXxwIuVVU/getUpdates?offset=282&timeout=20 (Caused by NameResolutionError("<urllib3.connection.HTTPSConnection object at 0x7b49828620>: Failed to resolve 'tapi.bale.ai' ([Errno 7] No address associated with hostname)"))
Error: HTTPSConnectionPool(host='tapi.bale.ai', port=443): Max retries exceeded with url: /bot659328109:QFVgG7mqkkOFzR_oflqXAb3uEUOXxwIuVVU/getUpdates?offset=282&timeout=20 (Caused by NameResolutionError("<urllib3.connection.HTTPSConnection object at 0x7b4982b6b0>: Failed to resolve 'tapi.bale.ai' ([Errno 7] No address associated with hostname)"))
Error: HTTPSConnectionPool(host='tapi.bale.ai', port=443): Max retries exceeded with url: /bot659328109:QFVgG7mqkkOFzR_oflqXAb3uEUOXxwIuVVU/getUpdates?offset=282&timeout=20 (Caused by NameResolutionError("<urllib3.connection.HTTPSConnection object at 0x7b4cd376b0>: Failed to resolve 'tapi.bale.ai' ([Errno 7] No address associated with hostname)"))
Error: HTTPSConnectionPool(host='tapi.bale.ai', port=443): Max retries exceeded with url: /bot659328109:QFVgG7mqkkOFzR_oflqXAb3uEUOXxwIuVVU/getUpdates?offset=282&timeout=20 (Caused by NameResolutionError("<urllib3.connection.HTTPSConnection object at 0x7b497f3f20>: Failed to resolve 'tapi.bale.ai' ([Errno 7] No address associated with hostname)"))
Error: HTTPSConnectionPool(host='tapi.bale.ai', port=443): Max retries exceeded with url: /bot659328109:QFVgG7mqkkOFzR_oflqXAb3uEUOXxwIuVVU/getUpdates?offset=282&timeout=20 (Caused by NameResolutionError("<urllib3.connection.HTTPSConnection object at 0x7b4a1d4260>: Failed to resolve 'tapi.bale.ai' ([Errno 7] No address associated with hostname)"))
Error: HTTPSConnectionPool(host='tapi.bale.ai', port=443): Max retries exceeded with url: /bot659328109:QFVgG7mqkkOFzR_oflqXAb3uEUOXxwIuVVU/getUpdates?offset=282&timeout=20 (Caused by NameResolutionError("<urllib3.connection.HTTPSConnection object at 0x7b4d997f50>: Failed to resolve 'tapi.bale.ai' ([Errno 7] No address associated with hostname)"))
Error: HTTPSConnectionPool(host='tapi.bale.ai', port=443): Max retries exceeded with url: /bot659328109:QFVgG7mqkkOFzR_oflqXAb3uEUOXxwIuVVU/getUpdates?offset=282&timeout=20 (Caused by NameResolutionError("<urllib3.connection.HTTPSConnection object at 0x7b4982be60>: Failed to resolve 'tapi.bale.ai' ([Errno 7] No address associated with hostname)"))
Error: ('Connection aborted.', RemoteDisconnected('Remote end closed connection without response'))
Error: HTTPSConnectionPool(host='tapi.bale.ai', port=443): Max retries exceeded with url: /bot659328109:QFVgG7mqkkOFzR_oflqXAb3uEUOXxwIuVVU/getUpdates?offset=281&timeout=20 (Caused by ConnectTimeoutError(<urllib3.connection.HTTPSConnection object at 0x7116b4d4f0>, 'Connection to tapi.bale.ai timed out. (connect timeout=None)'))
Error: HTTPSConnectionPool(host='tapi.bale.ai', port=443): Max retries exceeded with url: /bot659328109:QFVgG7mqkkOFzR_oflqXAb3uEUOXxwIuVVU/getUpdates?offset=281&timeout=20 (Caused by ConnectTimeoutError(<urllib3.connection.HTTPSConnection object at 0x711642bbc0>, 'Connection to tapi.bale.ai timed out. (connect timeout=None)'))
Error: ('Connection aborted.', ConnectionAbortedError(103, 'Software caused connection abort'))
Error: HTTPSConnectionPool(host='tapi.bale.ai', port=443): Max retries exceeded with url: /bot659328109:QFVgG7mqkkOFzR_oflqXAb3uEUOXxwIuVVU/getUpdates?offset=281&timeout=20 (Caused by NameResolutionError("<urllib3.connection.HTTPSConnection object at 0x711642acc0>: Failed to resolve 'tapi.bale.ai' ([Errno 7] No address associated with hostname)"))
Error: HTTPSConnectionPool(host='tapi.bale.ai', port=443): Max retries exceeded with url: /bot659328109:QFVgG7mqkkOFzR_oflqXAb3uEUOXxwIuVVU/getUpdates?offset=281&timeout=20 (Caused by NameResolutionError("<urllib3.connection.HTTPSConnection object at 0x711645a270>: Failed to resolve 'tapi.bale.ai' ([Errno 7] No address associated with hostname)"))
Error: HTTPSConnectionPool(host='tapi.bale.ai', port=443): Max retries exceeded with url: /bot659328109:QFVgG7mqkkOFzR_oflqXAb3uEUOXxwIuVVU/getUpdates?offset=281&timeout=20 (Caused by NameResolutionError("<urllib3.connection.HTTPSConnection object at 0x711645a090>: Failed to resolve 'tapi.bale.ai' ([Errno 7] No address associated with hostname)"))
Error: HTTPSConnectionPool(host='tapi.bale.ai', port=443): Max retries exceeded with url: /bot659328109:QFVgG7mqkkOFzR_oflqXAb3uEUOXxwIuVVU/getUpdates?offset=281&timeout=20 (Caused by NameResolutionError("<urllib3.connection.HTTPSConnection object at 0x7116d09e20>: Failed to resolve 'tapi.bale.ai' ([Errno 7] No address associated with hostname)"))
Error: HTTPSConnectionPool(host='tapi.bale.ai', port=443): Max retries exceeded with url: /bot659328109:QFVgG7mqkkOFzR_oflqXAb3uEUOXxwIuVVU/getUpdates?offset=281&timeout=20 (Caused by NameResolutionError("<urllib3.connection.HTTPSConnection object at 0x711642b950>: Failed to resolve 'tapi.bale.ai' ([Errno 7] No address associated with hostname)"))
Error: ('Connection aborted.', ConnectionAbortedError(103, 'Software caused connection abort'))
Error: HTTPSConnectionPool(host='tapi.bale.ai', port=443): Max retries exceeded with url: /bot659328109:QFVgG7mqkkOFzR_oflqXAb3uEUOXxwIuVVU/getUpdates?offset=282&timeout=20 (Caused by NameResolutionError("<urllib3.connection.HTTPSConnection object at 0x711905ac30>: Failed to resolve 'tapi.bale.ai' ([Errno 7] No address associated with hostname)"))
Error: HTTPSConnectionPool(host='tapi.bale.ai', port=443): Max retries exceeded with url: /bot659328109:QFVgG7mqkkOFzR_oflqXAb3uEUOXxwIuVVU/getUpdates?offset=282&timeout=20 (Caused by NameResolutionError("<urllib3.connection.HTTPSConnection object at 0x7116af99a0>: Failed to resolve 'tapi.bale.ai' ([Errno 7] No address associated with hostname)"))
Error: HTTPSConnectionPool(host='tapi.bale.ai', port=443): Max retries exceeded with url: /bot659328109:QFVgG7mqkkOFzR_oflqXAb3uEUOXxwIuVVU/getUpdates?offset=282&timeout=20 (Caused by NameResolutionError("<urllib3.connection.HTTPSConnection object at 0x711645a720>: Failed to resolve 'tapi.bale.ai' ([Errno 7] No address associated with hostname)"))
Error: HTTPSConnectionPool(host='tapi.bale.ai', port=443): Max retries exceeded with url: /bot659328109:QFVgG7mqkkOFzR_oflqXAb3uEUOXxwIuVVU/getUpdates?offset=282&timeout=20 (Caused by NameResolutionError("<urllib3.connection.HTTPSConnection object at 0x7116afab40>: Failed to resolve 'tapi.bale.ai' ([Errno 7] No address associated with hostname)"))
Error: HTTPSConnectionPool(host='tapi.bale.ai', port=443): Max retries exceeded with url: /bot659328109:QFVgG7mqkkOFzR_oflqXAb3uEUOXxwIuVVU/getUpdates?offset=282&timeout=20 (Caused by NameResolutionError("<urllib3.connection.HTTPSConnection object at 0x71163d52e0>: Failed to resolve 'tapi.bale.ai' ([Errno 7] No address associated with hostname)"))
Error: HTTPSConnectionPool(host='tapi.bale.ai', port=443): Max retries exceeded with url: /bot659328109:QFVgG7mqkkOFzR_oflqXAb3uEUOXxwIuVVU/getUpdates?offset=282&timeout=20 (Caused by NameResolutionError("<urllib3.connection.HTTPSConnection object at 0x7116429520>: Failed to resolve 'tapi.bale.ai' ([Errno 7] No address associated with hostname)"))
Error: HTTPSConnectionPool(host='tapi.bale.ai', port=443): Max retries exceeded with url: /bot659328109:QFVgG7mqkkOFzR_oflqXAb3uEUOXxwIuVVU/getUpdates?offset=282&timeout=20 (Caused by NameResolutionError("<urllib3.connection.HTTPSConnection object at 0x711642be00>: Failed to resolve 'tapi.bale.ai' ([Errno 7] No address associated with hostname)"))
Error: HTTPSConnectionPool(host='tapi.bale.ai', port=443): Max retries exceeded with url: /bot659328109:QFVgG7mqkkOFzR_oflqXAb3uEUOXxwIuVVU/getUpdates?offset=282&timeout=20 (Caused by NameResolutionError("<urllib3.connection.HTTPSConnection object at 0x7119a954c0>: Failed to resolve 'tapi.bale.ai' ([Errno 7] No address associated with hostname)"))
Error: HTTPSConnectionPool(host='tapi.bale.ai', port=443): Max retries exceeded with url: /bot659328109:QFVgG7mqkkOFzR_oflqXAb3uEUOXxwIuVVU/getUpdates?offset=282&timeout=20 (Caused by NameResolutionError("<urllib3.connection.HTTPSConnection object at 0x711645a120>: Failed to resolve 'tapi.bale.ai' ([Errno 7] No address associated with hostname)"))
Error: HTTPSConnectionPool(host='tapi.bale.ai', port=443): Max retries exceeded with url: /bot659328109:QFVgG7mqkkOFzR_oflqXAb3uEUOXxwIuVVU/getUpdates?offset=282&timeout=20 (Caused by NameResolutionError("<urllib3.connection.HTTPSConnection object at 0x711645b380>: Failed to resolve 'tapi.bale.ai' ([Errno 7] No address associated with hostname)"))
Error: HTTPSConnectionPool(host='tapi.bale.ai', port=443): Max retries exceeded with url: /bot659328109:QFVgG7mqkkOFzR_oflqXAb3uEUOXxwIuVVU/getUpdates?offset=282&timeout=20 (Caused by NameResolutionError("<urllib3.connection.HTTPSConnection object at 0x711642b260>: Failed to resolve 'tapi.bale.ai' ([Errno 7] No address associated with hostname)"))
Error: HTTPSConnectionPool(host='tapi.bale.ai', port=443): Max retries exceeded with url: /bot659328109:QFVgG7mqkkOFzR_oflqXAb3uEUOXxwIuVVU/getUpdates?offset=282&timeout=20 (Caused by NameResolutionError("<urllib3.connection.HTTPSConnection object at 0x711642ade0>: Failed to resolve 'tapi.bale.ai' ([Errno 7] No address associated with hostname)"))
Error: HTTPSConnectionPool(host='tapi.bale.ai', port=443): Max retries exceeded with url: /bot659328109:QFVgG7mqkkOFzR_oflqXAb3uEUOXxwIuVVU/getUpdates?offset=282&timeout=20 (Caused by NameResolutionError("<urllib3.connection.HTTPSConnection object at 0x711642ab10>: Failed to resolve 'tapi.bale.ai' ([Errno 7] No address associated with hostname)"))
Error: HTTPSConnectionPool(host='tapi.bale.ai', port=443): Max retries exceeded with url: /bot659328109:QFVgG7mqkkOFzR_oflqXAb3uEUOXxwIuVVU/getUpdates?offset=282&timeout=20 (Caused by NameResolutionError("<urllib3.connection.HTTPSConnection object at 0x71193720c0>: Failed to resolve 'tapi.bale.ai' ([Errno 7] No address associated with hostname)"))
Error: HTTPSConnectionPool(host='tapi.bale.ai', port=443): Max retries exceeded with url: /bot659328109:QFVgG7mqkkOFzR_oflqXAb3uEUOXxwIuVVU/getUpdates?offset=282&timeout=20 (Caused by NameResolutionError("<urllib3.connection.HTTPSConnection object at 0x711645b380>: Failed to resolve 'tapi.bale.ai' ([Errno 7] No address associated with hostname)"))
Error: HTTPSConnectionPool(host='tapi.bale.ai', port=443): Max retries exceeded with url: /bot659328109:QFVgG7mqkkOFzR_oflqXAb3uEUOXxwIuVVU/getUpdates?offset=282&timeout=20 (Caused by NameResolutionError("<urllib3.connection.HTTPSConnection object at 0x7116459670>: Failed to resolve 'tapi.bale.ai' ([Errno 7] No address associated with hostname)"))
Error: HTTPSConnectionPool(host='tapi.bale.ai', port=443): Max retries exceeded with url: /bot659328109:QFVgG7mqkkOFzR_oflqXAb3uEUOXxwIuVVU/getUpdates?offset=282&timeout=20 (Caused by NameResolutionError("<urllib3.connection.HTTPSConnection object at 0x72dc02f9b0>: Failed to resolve 'tapi.bale.ai' ([Errno 7] No address associated with hostname)"))
Error: HTTPSConnectionPool(host='tapi.bale.ai', port=443): Max retries exceeded with url: /bot659328109:QFVgG7mqkkOFzR_oflqXAb3uEUOXxwIuVVU/getUpdates?offset=282&timeout=20 (Caused by NameResolutionError("<urllib3.connection.HTTPSConnection object at 0x72dc02e960>: Failed to resolve 'tapi.bale.ai' ([Errno 7] No address associated with hostname)"))
Error: HTTPSConnectionPool(host='tapi.bale.ai', port=443): Max retries exceeded with url: /bot659328109:QFVgG7mqkkOFzR_oflqXAb3uEUOXxwIuVVU/getUpdates?offset=282&timeout=20 (Caused by NameResolutionError("<urllib3.connection.HTTPSConnection object at 0x72dc003830>: Failed to resolve 'tapi.bale.ai' ([Errno 7] No address associated with hostname)"))
Error: HTTPSConnectionPool(host='tapi.bale.ai', port=443): Max retries exceeded with url: /bot659328109:QFVgG7mqkkOFzR_oflqXAb3uEUOXxwIuVVU/getUpdates?offset=282&timeout=20 (Caused by NameResolutionError("<urllib3.connection.HTTPSConnection object at 0x72dc066c30>: Failed to resolve 'tapi.bale.ai' ([Errno 7] No address associated with hostname)"))
Error: HTTPSConnectionPool(host='tapi.bale.ai', port=443): Max retries exceeded with url: /bot659328109:QFVgG7mqkkOFzR_oflqXAb3uEUOXxwIuVVU/getUpdates?offset=282&timeout=20 (Caused by NameResolutionError("<urllib3.connection.HTTPSConnection object at 0x72dc066060>: Failed to resolve 'tapi.bale.ai' ([Errno 7] No address associated with hostname)"))
Error: HTTPSConnectionPool(host='tapi.bale.ai', port=443): Max retries exceeded with url: /bot659328109:QFVgG7mqkkOFzR_oflqXAb3uEUOXxwIuVVU/getUpdates?offset=282&timeout=20 (Caused by NameResolutionError("<urllib3.connection.HTTPSConnection object at 0x72dc0670e0>: Failed to resolve 'tapi.bale.ai' ([Errno 7] No address associated with hostname)"))
Error: HTTPSConnectionPool(host='tapi.bale.ai', port=443): Max retries exceeded with url: /bot659328109:QFVgG7mqkkOFzR_oflqXAb3uEUOXxwIuVVU/getUpdates?offset=282&timeout=20 (Caused by NameResolutionError("<urllib3.connection.HTTPSConnection object at 0x72dc02d850>: Failed to resolve 'tapi.bale.ai' ([Errno 7] No address associated with hostname)"))
Error: HTTPSConnectionPool(host='tapi.bale.ai', port=443): Max retries exceeded with url: /bot659328109:QFVgG7mqkkOFzR_oflqXAb3uEUOXxwIuVVU/getUpdates?offset=282&timeout=20 (Caused by NameResolutionError("<urllib3.connection.HTTPSConnection object at 0x72dc02e4e0>: Failed to resolve 'tapi.bale.ai' ([Errno 7] No address associated with hostname)"))
Error: HTTPSConnectionPool(host='tapi.bale.ai', port=443): Max retries exceeded with url: /bot659328109:QFVgG7mqkkOFzR_oflqXAb3uEUOXxwIuVVU/getUpdates?offset=282&timeout=20 (Caused by NameResolutionError("<urllib3.connection.HTTPSConnection object at 0x72e0457260>: Failed to resolve 'tapi.bale.ai' ([Errno 7] No address associated with hostname)"))
Error: HTTPSConnectionPool(host='tapi.bale.ai', port=443): Max retries exceeded with url: /bot659328109:QFVgG7mqkkOFzR_oflqXAb3uEUOXxwIuVVU/getUpdates?offset=282&timeout=20 (Caused by NameResolutionError("<urllib3.connection.HTTPSConnection object at 0x72dc065310>: Failed to resolve 'tapi.bale.ai' ([Errno 7] No address associated with hostname)"))
Error: HTTPSConnectionPool(host='tapi.bale.ai', port=443): Max retries exceeded with url: /bot659328109:QFVgG7mqkkOFzR_oflqXAb3uEUOXxwIuVVU/getUpdates?offset=282&timeout=20 (Caused by NameResolutionError("<urllib3.connection.HTTPSConnection object at 0x72dc066c30>: Failed to resolve 'tapi.bale.ai' ([Errno 7] No address associated with hostname)"))
Error: HTTPSConnectionPool(host='tapi.bale.ai', port=443): Max retries exceeded with url: /bot659328109:QFVgG7mqkkOFzR_oflqXAb3uEUOXxwIuVVU/getUpdates?offset=282&timeout=20 (Caused by NameResolutionError("<urllib3.connection.HTTPSConnection object at 0x72dc066240>: Failed to resolve 'tapi.bale.ai' ([Errno 7] No address associated with hostname)"))
Error: HTTPSConnectionPool(host='tapi.bale.ai', port=443): Max retries exceeded with url: /bot659328109:QFVgG7mqkkOFzR_oflqXAb3uEUOXxwIuVVU/getUpdates?offset=282&timeout=20 (Caused by NameResolutionError("<urllib3.connection.HTTPSConnection object at 0x72dd954140>: Failed to resolve 'tapi.bale.ai' ([Errno 7] No address associated with hostname)"))
Error: HTTPSConnectionPool(host='tapi.bale.ai', port=443): Max retries exceeded with url: /bot659328109:QFVgG7mqkkOFzR_oflqXAb3uEUOXxwIuVVU/getUpdates?offset=282&timeout=20 (Caused by NameResolutionError("<urllib3.connection.HTTPSConnection object at 0x72dc02f6b0>: Failed to resolve 'tapi.bale.ai' ([Errno 7] No address associated with hostname)"))
Error: HTTPSConnectionPool(host='tapi.bale.ai', port=443): Max retries exceeded with url: /bot659328109:QFVgG7mqkkOFzR_oflqXAb3uEUOXxwIuVVU/getUpdates?offset=282&timeout=20 (Caused by NameResolutionError("<urllib3.connection.HTTPSConnection object at 0x72dc02e3f0>: Failed to resolve 'tapi.bale.ai' ([Errno 7] No address associated with hostname)"))
Error: HTTPSConnectionPool(host='tapi.bale.ai', port=443): Max retries exceeded with url: /bot659328109:QFVgG7mqkkOFzR_oflqXAb3uEUOXxwIuVVU/getUpdates?offset=282&timeout=20 (Caused by NameResolutionError("<urllib3.connection.HTTPSConnection object at 0x72dc000ad0>: Failed to resolve 'tapi.bale.ai' ([Errno 7] No address associated with hostname)"))
Error: HTTPSConnectionPool(host='tapi.bale.ai', port=443): Max retries exceeded with url: /bot659328109:QFVgG7mqkkOFzR_oflqXAb3uEUOXxwIuVVU/getUpdates?offset=282&timeout=20 (Caused by NameResolutionError("<urllib3.connection.HTTPSConnection object at 0x72dc064110>: Failed to resolve 'tapi.bale.ai' ([Errno 7] No address associated with hostname)"))
Error: HTTPSConnectionPool(host='tapi.bale.ai', port=443): Max retries exceeded with url: /bot659328109:QFVgG7mqkkOFzR_oflqXAb3uEUOXxwIuVVU/getUpdates?offset=282&timeout=20 (Caused by NameResolutionError("<urllib3.connection.HTTPSConnection object at 0x72dc066930>: Failed to resolve 'tapi.bale.ai' ([Errno 7] No address associated with hostname)"))
Error: HTTPSConnectionPool(host='tapi.bale.ai', port=443): Max retries exceeded with url: /bot659328109:QFVgG7mqkkOFzR_oflqXAb3uEUOXxwIuVVU/getUpdates?offset=282&timeout=20 (Caused by NameResolutionError("<urllib3.connection.HTTPSConnection object at 0x72dc067980>: Failed to resolve 'tapi.bale.ai' ([Errno 7] No address associated with hostname)"))
Error: HTTPSConnectionPool(host='tapi.bale.ai', port=443): Max retries exceeded with url: /bot659328109:QFVgG7mqkkOFzR_oflqXAb3uEUOXxwIuVVU/getUpdates?offset=282&timeout=20 (Caused by NameResolutionError("<urllib3.connection.HTTPSConnection object at 0x72dc02e8d0>: Failed to resolve 'tapi.bale.ai' ([Errno 7] No address associated with hostname)"))
Error: HTTPSConnectionPool(host='tapi.bale.ai', port=443): Max retries exceeded with url: /bot659328109:QFVgG7mqkkOFzR_oflqXAb3uEUOXxwIuVVU/getUpdates?offset=282&timeout=20 (Caused by NameResolutionError("<urllib3.connection.HTTPSConnection object at 0x72dc02ed80>: Failed to resolve 'tapi.bale.ai' ([Errno 7] No address associated with hostname)"))
Error: HTTPSConnectionPool(host='tapi.bale.ai', port=443): Max retries exceeded with url: /bot659328109:QFVgG7mqkkOFzR_oflqXAb3uEUOXxwIuVVU/getUpdates?offset=282&timeout=20 (Caused by NameResolutionError("<urllib3.connection.HTTPSConnection object at 0x72dc02f860>: Failed to resolve 'tapi.bale.ai' ([Errno 7] No address associated with hostname)"))
Error: HTTPSConnectionPool(host='tapi.bale.ai', port=443): Max retries exceeded with url: /bot659328109:QFVgG7mqkkOFzR_oflqXAb3uEUOXxwIuVVU/getUpdates?offset=282&timeout=20 (Caused by NameResolutionError("<urllib3.connection.HTTPSConnection object at 0x72dc066a80>: Failed to resolve 'tapi.bale.ai' ([Errno 7] No address associated with hostname)"))
Error: HTTPSConnectionPool(host='tapi.bale.ai', port=443): Max retries exceeded with url: /bot659328109:QFVgG7mqkkOFzR_oflqXAb3uEUOXxwIuVVU/getUpdates?offset=282&timeout=20 (Caused by NameResolutionError("<urllib3.connection.HTTPSConnection object at 0x72dc066bd0>: Failed to resolve 'tapi.bale.ai' ([Errno 7] No address associated with hostname)"))
Error: HTTPSConnectionPool(host='tapi.bale.ai', port=443): Max retries exceeded with url: /bot659328109:QFVgG7mqkkOFzR_oflqXAb3uEUOXxwIuVVU/getUpdates?offset=282&timeout=20 (Caused by NameResolutionError("<urllib3.connection.HTTPSConnection object at 0x7b49828830>: Failed to resolve 'tapi.bale.ai' ([Errno 7] No address associated with hostname)"))
Error: HTTPSConnectionPool(host='tapi.bale.ai', port=443): Max retries exceeded with url: /bot659328109:QFVgG7mqkkOFzR_oflqXAb3uEUOXxwIuVVU/getUpdates?offset=282&timeout=20 (Caused by NameResolutionError("<urllib3.connection.HTTPSConnection object at 0x7b4982a1e0>: Failed to resolve 'tapi.bale.ai' ([Errno 7] No address associated with hostname)"))
Error: HTTPSConnectionPool(host='tapi.bale.ai', port=443): Max retries exceeded with url: /bot659328109:QFVgG7mqkkOFzR_oflqXAb3uEUOXxwIuVVU/getUpdates?offset=282&timeout=20 (Caused by NameResolutionError("<urllib3.connection.HTTPSConnection object at 0x7b49ce9970>: Failed to resolve 'tapi.bale.ai' ([Errno 7] No address associated with hostname)"))
Error: HTTPSConnectionPool(host='tapi.bale.ai', port=443): Max retries exceeded with url: /bot659328109:QFVgG7mqkkOFzR_oflqXAb3uEUOXxwIuVVU/getUpdates?offset=282&timeout=20 (Caused by NameResolutionError("<urllib3.connection.HTTPSConnection object at 0x7b497a6510>: Failed to resolve 'tapi.bale.ai' ([Errno 7] No address associated with hostname)"))
Error: HTTPSConnectionPool(host='tapi.bale.ai', port=443): Max retries exceeded with url: /bot659328109:QFVgG7mqkkOFzR_oflqXAb3uEUOXxwIuVVU/getUpdates?offset=282&timeout=20 (Caused by NameResolutionError("<urllib3.connection.HTTPSConnection object at 0x7b497f2fc0>: Failed to resolve 'tapi.bale.ai' ([Errno 7] No address associated with hostname)"))
Error: HTTPSConnectionPool(host='tapi.bale.ai', port=443): Max retries exceeded with url: /bot659328109:QFVgG7mqkkOFzR_oflqXAb3uEUOXxwIuVVU/getUpdates?offset=282&timeout=20 (Caused by NameResolutionError("<urllib3.connection.HTTPSConnection object at 0x7b497f3170>: Failed to resolve 'tapi.bale.ai' ([Errno 7] No address associated with hostname)"))
Error: HTTPSConnectionPool(host='tapi.bale.ai', port=443): Max retries exceeded with url: /bot659328109:QFVgG7mqkkOFzR_oflqXAb3uEUOXxwIuVVU/getUpdates?offset=282&timeout=20 (Caused by NameResolutionError("<urllib3.connection.HTTPSConnection object at 0x7b4982ab40>: Failed to resolve 'tapi.bale.ai' ([Errno 7] No address associated with hostname)"))
Error: HTTPSConnectionPool(host='tapi.bale.ai', port=443): Max retries exceeded with url: /bot659328109:QFVgG7mqkkOFzR_oflqXAb3uEUOXxwIuVVU/getUpdates?offset=282&timeout=20 (Caused by NameResolutionError("<urllib3.connection.HTTPSConnection object at 0x7b4982aea0>: Failed to resolve 'tapi.bale.ai' ([Errno 7] No address associated with hostname)"))
Error: HTTPSConnectionPool(host='tapi.bale.ai', port=443): Max retries exceeded with url: /bot659328109:QFVgG7mqkkOFzR_oflqXAb3uEUOXxwIuVVU/getUpdates?offset=282&timeout=20 (Caused by NameResolutionError("<urllib3.connection.HTTPSConnection object at 0x7b4a213f50>: Failed to resolve 'tapi.bale.ai' ([Errno 7] No address associated with hostname)"))
Error: HTTPSConnectionPool(host='tapi.bale.ai', port=443): Max retries exceeded with url: /bot659328109:QFVgG7mqkkOFzR_oflqXAb3uEUOXxwIuVVU/getUpdates?offset=282&timeout=20 (Caused by NameResolutionError("<urllib3.connection.HTTPSConnection object at 0x7b497f2f90>: Failed to resolve 'tapi.bale.ai' ([Errno 7] No address associated with hostname)"))
Error: HTTPSConnectionPool(host='tapi.bale.ai', port=443): Max retries exceeded with url: /bot659328109:QFVgG7mqkkOFzR_oflqXAb3uEUOXxwIuVVU/getUpdates?offset=282&timeout=20 (Caused by NameResolutionError("<urllib3.connection.HTTPSConnection object at 0x7b4d4939b0>: Failed to resolve 'tapi.bale.ai' ([Errno 7] No address associated with hostname)"))
Error: HTTPSConnectionPool(host='tapi.bale.ai', port=443): Max retries exceeded with url: /bot659328109:QFVgG7mqkkOFzR_oflqXAb3uEUOXxwIuVVU/getUpdates?offset=282&timeout=20 (Caused by NameResolutionError("<urllib3.connection.HTTPSConnection object at 0x7b4d547b90>: Failed to resolve 'tapi.bale.ai' ([Errno 7] No address associated with hostname)"))
Error: HTTPSConnectionPool(host='tapi.bale.ai', port=443): Max retries exceeded with url: /bot659328109:QFVgG7mqkkOFzR_oflqXAb3uEUOXxwIuVVU/getUpdates?offset=282&timeout=20 (Caused by NameResolutionError("<urllib3.connection.HTTPSConnection object at 0x7b4982b9e0>: Failed to resolve 'tapi.bale.ai' ([Errno 7] No address associated with hostname)"))
Error: HTTPSConnectionPool(host='tapi.bale.ai', port=443): Max retries exceeded with url: /bot659328109:QFVgG7mqkkOFzR_oflqXAb3uEUOXxwIuVVU/getUpdates?offset=282&timeout=20 (Caused by NameResolutionError("<urllib3.connection.HTTPSConnection object at 0x7b4982afc0>: Failed to resolve 'tapi.bale.ai' ([Errno 7] No address associated with hostname)"))
Error: HTTPSConnectionPool(host='tapi.bale.ai', port=443): Max retries exceeded with url: /bot659328109:QFVgG7mqkkOFzR_oflqXAb3uEUOXxwIuVVU/getUpdates?offset=282&timeout=20 (Caused by NameResolutionError("<urllib3.connection.HTTPSConnection object at 0x7b49829010>: Failed to resolve 'tapi.bale.ai' ([Errno 7] No address associated with hostname)"))
Error: HTTPSConnectionPool(host='tapi.bale.ai', port=443): Max retries exceeded with url: /bot659328109:QFVgG7mqkkOFzR_oflqXAb3uEUOXxwIuVVU/getUpdates?offset=282&timeout=20 (Caused by NameResolutionError("<urllib3.connection.HTTPSConnection object at 0x7b4d547b60>: Failed to resolve 'tapi.bale.ai' ([Errno 7] No address associated with hostname)"))
Error: HTTPSConnectionPool(host='tapi.bale.ai', port=443): Max retries exceeded with url: /bot659328109:QFVgG7mqkkOFzR_oflqXAb3uEUOXxwIuVVU/getUpdates?offset=282&timeout=20 (Caused by NameResolutionError("<urllib3.connection.HTTPSConnection object at 0x7b497a7b90>: Failed to resolve 'tapi.bale.ai' ([Errno 7] No address associated with hostname)"))
Error: HTTPSConnectionPool(host='tapi.bale.ai', port=443): Max retries exceeded with url: /bot659328109:QFVgG7mqkkOFzR_oflqXAb3uEUOXxwIuVVU/getUpdates?offset=282&timeout=20 (Caused by NameResolutionError("<urllib3.connection.HTTPSConnection object at 0x7b497f2a20>: Failed to resolve 'tapi.bale.ai' ([Errno 7] No address associated with hostname)"))
Error: HTTPSConnectionPool(host='tapi.bale.ai', port=443): Max retries exceeded with url: /bot659328109:QFVgG7mqkkOFzR_oflqXAb3uEUOXxwIuVVU/getUpdates?offset=282&timeout=20 (Caused by NameResolutionError("<urllib3.connection.HTTPSConnection object at 0x7b4a213f50>: Failed to resolve 'tapi.bale.ai' ([Errno 7] No address associated with hostname)"))
Error: HTTPSConnectionPool(host='tapi.bale.ai', port=443): Max retries exceeded with url: /bot659328109:QFVgG7mqkkOFzR_oflqXAb3uEUOXxwIuVVU/getUpdates?offset=282&timeout=20 (Caused by NameResolutionError("<urllib3.connection.HTTPSConnection object at 0x7b498298e0>: Failed to resolve 'tapi.bale.ai' ([Errno 7] No address associated with hostname)"))
Error: HTTPSConnectionPool(host='tapi.bale.ai', port=443): Max retries exceeded with url: /bot659328109:QFVgG7mqkkOFzR_oflqXAb3uEUOXxwIuVVU/getUpdates?offset=282&timeout=20 (Caused by NameResolutionError("<urllib3.connection.HTTPSConnection object at 0x7b4982ae70>: Failed to resolve 'tapi.bale.ai' ([Errno 7] No address associated with hostname)"))
Error: HTTPSConnectionPool(host='tapi.bale.ai', port=443): Max retries exceeded with url: /bot659328109:QFVgG7mqkkOFzR_oflqXAb3uEUOXxwIuVVU/getUpdates?offset=282&timeout=20 (Caused by NameResolutionError("<urllib3.connection.HTTPSConnection object at 0x7b49a70e90>: Failed to resolve 'tapi.bale.ai' ([Errno 7] No address associated with hostname)"))
Error: HTTPSConnectionPool(host='tapi.bale.ai', port=443): Max retries exceeded with url: /bot659328109:QFVgG7mqkkOFzR_oflqXAb3uEUOXxwIuVVU/getUpdates?offset=282&timeout=20 (Caused by NameResolutionError("<urllib3.connection.HTTPSConnection object at 0x7b497f2fc0>: Failed to resolve 'tapi.bale.ai' ([Errno 7] No address associated with hostname)"))
Error: HTTPSConnectionPool(host='tapi.bale.ai', port=443): Max retries exceeded with url: /bot659328109:QFVgG7mqkkOFzR_oflqXAb3uEUOXxwIuVVU/getUpdates?offset=282&timeout=20 (Caused by NameResolutionError("<urllib3.connection.HTTPSConnection object at 0x7b497a74d0>: Failed to resolve 'tapi.bale.ai' ([Errno 7] No address associated with hostname)"))
Error: HTTPSConnectionPool(host='tapi.bale.ai', port=443): Max retries exceeded with url: /bot659328109:QFVgG7mqkkOFzR_oflqXAb3uEUOXxwIuVVU/getUpdates?offset=282&timeout=20 (Caused by NameResolutionError("<urllib3.connection.HTTPSConnection object at 0x7116ce4cb0>: Failed to resolve 'tapi.bale.ai' ([Errno 7] No address associated with hostname)"))
Error: HTTPSConnectionPool(host='tapi.bale.ai', port=443): Max retries exceeded with url: /bot659328109:QFVgG7mqkkOFzR_oflqXAb3uEUOXxwIuVVU/getUpdates?offset=282&timeout=20 (Caused by NameResolutionError("<urllib3.connection.HTTPSConnection object at 0x71163d4d40>: Failed to resolve 'tapi.bale.ai' ([Errno 7] No address associated with hostname)"))
Error: HTTPSConnectionPool(host='tapi.bale.ai', port=443): Max retries exceeded with url: /bot659328109:QFVgG7mqkkOFzR_oflqXAb3uEUOXxwIuVVU/getUpdates?offset=282&timeout=20 (Caused by NameResolutionError("<urllib3.connection.HTTPSConnection object at 0x71164298b0>: Failed to resolve 'tapi.bale.ai' ([Errno 7] No address associated with hostname)"))
Error: HTTPSConnectionPool(host='tapi.bale.ai', port=443): Max retries exceeded with url: /bot659328109:QFVgG7mqkkOFzR_oflqXAb3uEUOXxwIuVVU/getUpdates?offset=282&timeout=20 (Caused by NameResolutionError("<urllib3.connection.HTTPSConnection object at 0x711642a660>: Failed to resolve 'tapi.bale.ai' ([Errno 7] No address associated with hostname)"))
Error: HTTPSConnectionPool(host='tapi.bale.ai', port=443): Max retries exceeded with url: /bot659328109:QFVgG7mqkkOFzR_oflqXAb3uEUOXxwIuVVU/getUpdates?offset=282&timeout=20 (Caused by NameResolutionError("<urllib3.connection.HTTPSConnection object at 0x7119a93080>: Failed to resolve 'tapi.bale.ai' ([Errno 7] No address associated with hostname)"))
Error: HTTPSConnectionPool(host='tapi.bale.ai', port=443): Max retries exceeded with url: /bot659328109:QFVgG7mqkkOFzR_oflqXAb3uEUOXxwIuVVU/getUpdates?offset=282&timeout=20 (Caused by NameResolutionError("<urllib3.connection.HTTPSConnection object at 0x711645a240>: Failed to resolve 'tapi.bale.ai' ([Errno 7] No address associated with hostname)"))
Error: HTTPSConnectionPool(host='tapi.bale.ai', port=443): Max retries exceeded with url: /bot659328109:QFVgG7mqkkOFzR_oflqXAb3uEUOXxwIuVVU/getUpdates?offset=282&timeout=20 (Caused by NameResolutionError("<urllib3.connection.HTTPSConnection object at 0x7116459790>: Failed to resolve 'tapi.bale.ai' ([Errno 7] No address associated with hostname)"))
Error: HTTPSConnectionPool(host='tapi.bale.ai', port=443): Max retries exceeded with url: /bot659328109:QFVgG7mqkkOFzR_oflqXAb3uEUOXxwIuVVU/getUpdates?offset=282&timeout=20 (Caused by NameResolutionError("<urllib3.connection.HTTPSConnection object at 0x7116429f40>: Failed to resolve 'tapi.bale.ai' ([Errno 7] No address associated with hostname)"))
Error: HTTPSConnectionPool(host='tapi.bale.ai', port=443): Max retries exceeded with url: /bot659328109:QFVgG7mqkkOFzR_oflqXAb3uEUOXxwIuVVU/getUpdates?offset=282&timeout=20 (Caused by NameResolutionError("<urllib3.connection.HTTPSConnection object at 0x711642adb0>: Failed to resolve 'tapi.bale.ai' ([Errno 7] No address associated with hostname)"))
Error: HTTPSConnectionPool(host='tapi.bale.ai', port=443): Max retries exceeded with url: /bot659328109:QFVgG7mqkkOFzR_oflqXAb3uEUOXxwIuVVU/getUpdates?offset=282&timeout=20 (Caused by NameResolutionError("<urllib3.connection.HTTPSConnection object at 0x711642ac30>: Failed to resolve 'tapi.bale.ai' ([Errno 7] No address associated with hostname)"))
Error: HTTPSConnectionPool(host='tapi.bale.ai', port=443): Max retries exceeded with url: /bot659328109:QFVgG7mqkkOFzR_oflqXAb3uEUOXxwIuVVU/getUpdates?offset=282&timeout=20 (Caused by NameResolutionError("<urllib3.connection.HTTPSConnection object at 0x7119372270>: Failed to resolve 'tapi.bale.ai' ([Errno 7] No address associated with hostname)"))
Error: HTTPSConnectionPool(host='tapi.bale.ai', port=443): Max retries exceeded with url: /bot659328109:QFVgG7mqkkOFzR_oflqXAb3uEUOXxwIuVVU/getUpdates?offset=282&timeout=20 (Caused by NameResolutionError("<urllib3.connection.HTTPSConnection object at 0x711645b5c0>: Failed to resolve 'tapi.bale.ai' ([Errno 7] No address associated with hostname)"))
Error: HTTPSConnectionPool(host='tapi.bale.ai', port=443): Max retries exceeded with url: /bot659328109:QFVgG7mqkkOFzR_oflqXAb3uEUOXxwIuVVU/getUpdates?offset=282&timeout=20 (Caused by NameResolutionError("<urllib3.connection.HTTPSConnection object at 0x711645a5a0>: Failed to resolve 'tapi.bale.ai' ([Errno 7] No address associated with hostname)"))
Error: HTTPSConnectionPool(host='tapi.bale.ai', port=443): Max retries exceeded with url: /bot659328109:QFVgG7mqkkOFzR_oflqXAb3uEUOXxwIuVVU/getUpdates?offset=282&timeout=20 (Caused by NameResolutionError("<urllib3.connection.HTTPSConnection object at 0x7116af8980>: Failed to resolve 'tapi.bale.ai' ([Errno 7] No address associated with hostname)"))
Error: HTTPSConnectionPool(host='tapi.bale.ai', port=443): Max retries exceeded with url: /bot659328109:QFVgG7mqkkOFzR_oflqXAb3uEUOXxwIuVVU/getUpdates?offset=282&timeout=20 (Caused by NameResolutionError("<urllib3.connection.HTTPSConnection object at 0x7116d517c0>: Failed to resolve 'tapi.bale.ai' ([Errno 7] No address associated with hostname)"))
Error: HTTPSConnectionPool(host='tapi.bale.ai', port=443): Max retries exceeded with url: /bot659328109:QFVgG7mqkkOFzR_oflqXAb3uEUOXxwIuVVU/getUpdates?offset=282&timeout=20 (Caused by NameResolutionError("<urllib3.connection.HTTPSConnection object at 0x711642ac30>: Failed to resolve 'tapi.bale.ai' ([Errno 7] No address associated with hostname)"))
Error: HTTPSConnectionPool(host='tapi.bale.ai', port=443): Max retries exceeded with url: /bot659328109:QFVgG7mqkkOFzR_oflqXAb3uEUOXxwIuVVU/getUpdates?offset=282&timeout=20 (Caused by NameResolutionError("<urllib3.connection.HTTPSConnection object at 0x711642b230>: Failed to resolve 'tapi.bale.ai' ([Errno 7] No address associated with hostname)"))
Error: HTTPSConnectionPool(host='tapi.bale.ai', port=443): Max retries exceeded with url: /bot659328109:QFVgG7mqkkOFzR_oflqXAb3uEUOXxwIuVVU/getUpdates?offset=282&timeout=20 (Caused by NameResolutionError("<urllib3.connection.HTTPSConnection object at 0x711642a570>: Failed to resolve 'tapi.bale.ai' ([Errno 7] No address associated with hostname)"))
Error: HTTPSConnectionPool(host='tapi.bale.ai', port=443): Max retries exceeded with url: /bot659328109:QFVgG7mqkkOFzR_oflqXAb3uEUOXxwIuVVU/getUpdates?offset=282&timeout=20 (Caused by NameResolutionError("<urllib3.connection.HTTPSConnection object at 0x711645ab40>: Failed to resolve 'tapi.bale.ai' ([Errno 7] No address associated with hostname)"))
Error: HTTPSConnectionPool(host='tapi.bale.ai', port=443): Max retries exceeded with url: /bot659328109:QFVgG7mqkkOFzR_oflqXAb3uEUOXxwIuVVU/getUpdates?offset=282&timeout=20 (Caused by NameResolutionError("<urllib3.connection.HTTPSConnection object at 0x711645b050>: Failed to resolve 'tapi.bale.ai' ([Errno 7] No address associated with hostname)"))
Error: HTTPSConnectionPool(host='tapi.bale.ai', port=443): Max retries exceeded with url: /bot659328109:QFVgG7mqkkOFzR_oflqXAb3uEUOXxwIuVVU/getUpdates?offset=282&timeout=20 (Caused by NameResolutionError("<urllib3.connection.HTTPSConnection object at 0x711642bc20>: Failed to resolve 'tapi.bale.ai' ([Errno 7] No address associated with hostname)"))
Error: HTTPSConnectionPool(host='tapi.bale.ai', port=443): Max retries exceeded with url: /bot659328109:QFVgG7mqkkOFzR_oflqXAb3uEUOXxwIuVVU/getUpdates?offset=282&timeout=20 (Caused by NameResolutionError("<urllib3.connection.HTTPSConnection object at 0x71164297c0>: Failed to resolve 'tapi.bale.ai' ([Errno 7] No address associated with hostname)"))
Error: HTTPSConnectionPool(host='tapi.bale.ai', port=443): Max retries exceeded with url: /bot659328109:QFVgG7mqkkOFzR_oflqXAb3uEUOXxwIuVVU/getUpdates?offset=282&timeout=20 (Caused by NameResolutionError("<urllib3.connection.HTTPSConnection object at 0x711642ac60>: Failed to resolve 'tapi.bale.ai' ([Errno 7] No address associated with hostname)"))
Error: HTTPSConnectionPool(host='tapi.bale.ai', port=443): Max retries exceeded with url: /bot659328109:QFVgG7mqkkOFzR_oflqXAb3uEUOXxwIuVVU/getUpdates?offset=282&timeout=20 (Caused by NameResolutionError("<urllib3.connection.HTTPSConnection object at 0x7119372c00>: Failed to resolve 'tapi.bale.ai' ([Errno 7] No address associated with hostname)"))
Error: HTTPSConnectionPool(host='tapi.bale.ai', port=443): Max retries exceeded with url: /bot659328109:QFVgG7mqkkOFzR_oflqXAb3uEUOXxwIuVVU/getUpdates?offset=282&timeout=20 (Caused by NameResolutionError("<urllib3.connection.HTTPSConnection object at 0x72dc0671a0>: Failed to resolve 'tapi.bale.ai' ([Errno 7] No address associated with hostname)"))
Error: HTTPSConnectionPool(host='tapi.bale.ai', port=443): Max retries exceeded with url: /bot659328109:QFVgG7mqkkOFzR_oflqXAb3uEUOXxwIuVVU/getUpdates?offset=282&timeout=20 (Caused by NameResolutionError("<urllib3.connection.HTTPSConnection object at 0x72dd956d50>: Failed to resolve 'tapi.bale.ai' ([Errno 7] No address associated with hostname)"))
Error: HTTPSConnectionPool(host='tapi.bale.ai', port=443): Max retries exceeded with url: /bot659328109:QFVgG7mqkkOFzR_oflqXAb3uEUOXxwIuVVU/getUpdates?offset=282&timeout=20 (Caused by NameResolutionError("<urllib3.connection.HTTPSConnection object at 0x72dc02f440>: Failed to resolve 'tapi.bale.ai' ([Errno 7] No address associated with hostname)"))
Error: HTTPSConnectionPool(host='tapi.bale.ai', port=443): Max retries exceeded with url: /bot659328109:QFVgG7mqkkOFzR_oflqXAb3uEUOXxwIuVVU/getUpdates?offset=282&timeout=20 (Caused by NameResolutionError("<urllib3.connection.HTTPSConnection object at 0x72dc02f5f0>: Failed to resolve 'tapi.bale.ai' ([Errno 7] No address associated with hostname)"))
Error: HTTPSConnectionPool(host='tapi.bale.ai', port=443): Max retries exceeded with url: /bot659328109:QFVgG7mqkkOFzR_oflqXAb3uEUOXxwIuVVU/getUpdates?offset=282&timeout=20 (Caused by NameResolutionError("<urllib3.connection.HTTPSConnection object at 0x72dc001040>: Failed to resolve 'tapi.bale.ai' ([Errno 7] No address associated with hostname)"))
Error: HTTPSConnectionPool(host='tapi.bale.ai', port=443): Max retries exceeded with url: /bot659328109:QFVgG7mqkkOFzR_oflqXAb3uEUOXxwIuVVU/getUpdates?offset=282&timeout=20 (Caused by NameResolutionError("<urllib3.connection.HTTPSConnection object at 0x72dc0662d0>: Failed to resolve 'tapi.bale.ai' ([Errno 7] No address associated with hostname)"))
Error: HTTPSConnectionPool(host='tapi.bale.ai', port=443): Max retries exceeded with url: /bot659328109:QFVgG7mqkkOFzR_oflqXAb3uEUOXxwIuVVU/getUpdates?offset=282&timeout=20 (Caused by NameResolutionError("<urllib3.connection.HTTPSConnection object at 0x72dc065f10>: Failed to resolve 'tapi.bale.ai' ([Errno 7] No address associated with hostname)"))
Error: HTTPSConnectionPool(host='tapi.bale.ai', port=443): Max retries exceeded with url: /bot659328109:QFVgG7mqkkOFzR_oflqXAb3uEUOXxwIuVVU/getUpdates?offset=282&timeout=20 (Caused by NameResolutionError("<urllib3.connection.HTTPSConnection object at 0x72dd138dd0>: Failed to resolve 'tapi.bale.ai' ([Errno 7] No address associated with hostname)"))
Error: HTTPSConnectionPool(host='tapi.bale.ai', port=443): Max retries exceeded with url: /bot659328109:QFVgG7mqkkOFzR_oflqXAb3uEUOXxwIuVVU/getUpdates?offset=282&timeout=20 (Caused by NameResolutionError("<urllib3.connection.HTTPSConnection object at 0x72dc02f2f0>: Failed to resolve 'tapi.bale.ai' ([Errno 7] No address associated with hostname)"))
Error: HTTPSConnectionPool(host='tapi.bale.ai', port=443): Max retries exceeded with url: /bot659328109:QFVgG7mqkkOFzR_oflqXAb3uEUOXxwIuVVU/getUpdates?offset=282&timeout=20 (Caused by NameResolutionError("<urllib3.connection.HTTPSConnection object at 0x72dc02e960>: Failed to resolve 'tapi.bale.ai' ([Errno 7] No address associated with hostname)"))
Error: HTTPSConnectionPool(host='tapi.bale.ai', port=443): Max retries exceeded with url: /bot659328109:QFVgG7mqkkOFzR_oflqXAb3uEUOXxwIuVVU/getUpdates?offset=282&timeout=20 (Caused by NameResolutionError("<urllib3.connection.HTTPSConnection object at 0x72dd892510>: Failed to resolve 'tapi.bale.ai' ([Errno 7] No address associated with hostname)"))
Error: HTTPSConnectionPool(host='tapi.bale.ai', port=443): Max retries exceeded with url: /bot659328109:QFVgG7mqkkOFzR_oflqXAb3uEUOXxwIuVVU/getUpdates?offset=282&timeout=20 (Caused by NameResolutionError("<urllib3.connection.HTTPSConnection object at 0x72dc0667e0>: Failed to resolve 'tapi.bale.ai' ([Errno 7] No address associated with hostname)"))
Error: HTTPSConnectionPool(host='tapi.bale.ai', port=443): Max retries exceeded with url: /bot659328109:QFVgG7mqkkOFzR_oflqXAb3uEUOXxwIuVVU/getUpdates?offset=282&timeout=20 (Caused by NameResolutionError("<urllib3.connection.HTTPSConnection object at 0x72dc067230>: Failed to resolve 'tapi.bale.ai' ([Errno 7] No address associated with hostname)"))
Error: HTTPSConnectionPool(host='tapi.bale.ai', port=443): Max retries exceeded with url: /bot659328109:QFVgG7mqkkOFzR_oflqXAb3uEUOXxwIuVVU/getUpdates?offset=282&timeout=20 (Caused by NameResolutionError("<urllib3.connection.HTTPSConnection object at 0x72dc066180>: Failed to resolve 'tapi.bale.ai' ([Errno 7] No address associated with hostname)"))
Error: HTTPSConnectionPool(host='tapi.bale.ai', port=443): Max retries exceeded with url: /bot659328109:QFVgG7mqkkOFzR_oflqXAb3uEUOXxwIuVVU/getUpdates?offset=282&timeout=20 (Caused by NameResolutionError("<urllib3.connection.HTTPSConnection object at 0x72dd892510>: Failed to resolve 'tapi.bale.ai' ([Errno 7] No address associated with hostname)"))
Error: HTTPSConnectionPool(host='tapi.bale.ai', port=443): Max retries exceeded with url: /bot659328109:QFVgG7mqkkOFzR_oflqXAb3uEUOXxwIuVVU/getUpdates?offset=282&timeout=20 (Caused by NameResolutionError("<urllib3.connection.HTTPSConnection object at 0x72dc02f710>: Failed to resolve 'tapi.bale.ai' ([Errno 7] No address associated with hostname)"))
Error: HTTPSConnectionPool(host='tapi.bale.ai', port=443): Max retries exceeded with url: /bot659328109:QFVgG7mqkkOFzR_oflqXAb3uEUOXxwIuVVU/getUpdates?offset=282&timeout=20 (Caused by NameResolutionError("<urllib3.connection.HTTPSConnection object at 0x72dc02eb70>: Failed to resolve 'tapi.bale.ai' ([Errno 7] No address associated with hostname)"))
Error: HTTPSConnectionPool(host='tapi.bale.ai', port=443): Max retries exceeded with url: /bot659328109:QFVgG7mqkkOFzR_oflqXAb3uEUOXxwIuVVU/getUpdates?offset=282&timeout=20 (Caused by NameResolutionError("<urllib3.connection.HTTPSConnection object at 0x72dd138dd0>: Failed to resolve 'tapi.bale.ai' ([Errno 7] No address associated with hostname)"))
Error: HTTPSConnectionPool(host='tapi.bale.ai', port=443): Max retries exceeded with url: /bot659328109:QFVgG7mqkkOFzR_oflqXAb3uEUOXxwIuVVU/getUpdates?offset=282&timeout=20 (Caused by NameResolutionError("<urllib3.connection.HTTPSConnection object at 0x72dc067170>: Failed to resolve 'tapi.bale.ai' ([Errno 7] No address associated with hostname)"))
Error: HTTPSConnectionPool(host='tapi.bale.ai', port=443): Max retries exceeded with url: /bot659328109:QFVgG7mqkkOFzR_oflqXAb3uEUOXxwIuVVU/getUpdates?offset=282&timeout=20 (Caused by NameResolutionError("<urllib3.connection.HTTPSConnection object at 0x72dc065d90>: Failed to resolve 'tapi.bale.ai' ([Errno 7] No address associated with hostname)"))
Error: HTTPSConnectionPool(host='tapi.bale.ai', port=443): Max retries exceeded with url: /bot659328109:QFVgG7mqkkOFzR_oflqXAb3uEUOXxwIuVVU/getUpdates?offset=282&timeout=20 (Caused by NameResolutionError("<urllib3.connection.HTTPSConnection object at 0x72dd138ce0>: Failed to resolve 'tapi.bale.ai' ([Errno 7] No address associated with hostname)"))
Error: HTTPSConnectionPool(host='tapi.bale.ai', port=443): Max retries exceeded with url: /bot659328109:QFVgG7mqkkOFzR_oflqXAb3uEUOXxwIuVVU/getUpdates?offset=282&timeout=20 (Caused by NameResolutionError("<urllib3.connection.HTTPSConnection object at 0x72dc02e8d0>: Failed to resolve 'tapi.bale.ai' ([Errno 7] No address associated with hostname)"))
Error: HTTPSConnectionPool(host='tapi.bale.ai', port=443): Max retries exceeded with url: /bot659328109:QFVgG7mqkkOFzR_oflqXAb3uEUOXxwIuVVU/getUpdates?offset=282&timeout=20 (Caused by NameResolutionError("<urllib3.connection.HTTPSConnection object at 0x72dc02d820>: Failed to resolve 'tapi.bale.ai' ([Errno 7] No address associated with hostname)"))
Error: HTTPSConnectionPool(host='tapi.bale.ai', port=443): Max retries exceeded with url: /bot659328109:QFVgG7mqkkOFzR_oflqXAb3uEUOXxwIuVVU/getUpdates?offset=282&timeout=20 (Caused by NameResolutionError("<urllib3.connection.HTTPSConnection object at 0x72df64ab40>: Failed to resolve 'tapi.bale.ai' ([Errno 7] No address associated with hostname)"))
Error: HTTPSConnectionPool(host='tapi.bale.ai', port=443): Max retries exceeded with url: /bot659328109:QFVgG7mqkkOFzR_oflqXAb3uEUOXxwIuVVU/getUpdates?offset=282&timeout=20 (Caused by NameResolutionError("<urllib3.connection.HTTPSConnection object at 0x7b4d997e00>: Failed to resolve 'tapi.bale.ai' ([Errno 7] No address associated with hostname)"))
Error: HTTPSConnectionPool(host='tapi.bale.ai', port=443): Max retries exceeded with url: /bot659328109:QFVgG7mqkkOFzR_oflqXAb3uEUOXxwIuVVU/getUpdates?offset=282&timeout=20 (Caused by NameResolutionError("<urllib3.connection.HTTPSConnection object at 0x7b4982b0b0>: Failed to resolve 'tapi.bale.ai' ([Errno 7] No address associated with hostname)"))
Error: HTTPSConnectionPool(host='tapi.bale.ai', port=443): Max retries exceeded with url: /bot659328109:QFVgG7mqkkOFzR_oflqXAb3uEUOXxwIuVVU/getUpdates?offset=282&timeout=20 (Caused by NameResolutionError("<urllib3.connection.HTTPSConnection object at 0x7b4982b290>: Failed to resolve 'tapi.bale.ai' ([Errno 7] No address associated with hostname)"))
Error: HTTPSConnectionPool(host='tapi.bale.ai', port=443): Max retries exceeded with url: /bot659328109:QFVgG7mqkkOFzR_oflqXAb3uEUOXxwIuVVU/getUpdates?offset=282&timeout=20 (Caused by NameResolutionError("<urllib3.connection.HTTPSConnection object at 0x7b4982a300>: Failed to resolve 'tapi.bale.ai' ([Errno 7] No address associated with hostname)"))
Error: HTTPSConnectionPool(host='tapi.bale.ai', port=443): Max retries exceeded with url: /bot659328109:QFVgG7mqkkOFzR_oflqXAb3uEUOXxwIuVVU/getUpdates?offset=282&timeout=20 (Caused by NameResolutionError("<urllib3.connection.HTTPSConnection object at 0x7b4d547020>: Failed to resolve 'tapi.bale.ai' ([Errno 7] No address associated with hostname)"))
Error: HTTPSConnectionPool(host='tapi.bale.ai', port=443): Max retries exceeded with url: /bot659328109:QFVgG7mqkkOFzR_oflqXAb3uEUOXxwIuVVU/getUpdates?offset=282&timeout=20 (Caused by NameResolutionError("<urllib3.connection.HTTPSConnection object at 0x7b4d57a6f0>: Failed to resolve 'tapi.bale.ai' ([Errno 7] No address associated with hostname)"))
Error: HTTPSConnectionPool(host='tapi.bale.ai', port=443): Max retries exceeded with url: /bot659328109:QFVgG7mqkkOFzR_oflqXAb3uEUOXxwIuVVU/getUpdates?offset=282&timeout=20 (Caused by NameResolutionError("<urllib3.connection.HTTPSConnection object at 0x7b497f28d0>: Failed to resolve 'tapi.bale.ai' ([Errno 7] No address associated with hostname)"))
Error: HTTPSConnectionPool(host='tapi.bale.ai', port=443): Max retries exceeded with url: /bot659328109:QFVgG7mqkkOFzR_oflqXAb3uEUOXxwIuVVU/getUpdates?offset=282&timeout=20 (Caused by NameResolutionError("<urllib3.connection.HTTPSConnection object at 0x7b49a70b00>: Failed to resolve 'tapi.bale.ai' ([Errno 7] No address associated with hostname)"))
Error: HTTPSConnectionPool(host='tapi.bale.ai', port=443): Max retries exceeded with url: /bot659328109:QFVgG7mqkkOFzR_oflqXAb3uEUOXxwIuVVU/getUpdates?offset=282&timeout=20 (Caused by NameResolutionError("<urllib3.connection.HTTPSConnection object at 0x7b4982b710>: Failed to resolve 'tapi.bale.ai' ([Errno 7] No address associated with hostname)"))
Error: HTTPSConnectionPool(host='tapi.bale.ai', port=443): Max retries exceeded with url: /bot659328109:QFVgG7mqkkOFzR_oflqXAb3uEUOXxwIuVVU/getUpdates?offset=282&timeout=20 (Caused by NameResolutionError("<urllib3.connection.HTTPSConnection object at 0x7b4982bf50>: Failed to resolve 'tapi.bale.ai' ([Errno 7] No address associated with hostname)"))
Error: HTTPSConnectionPool(host='tapi.bale.ai', port=443): Max retries exceeded with url: /bot659328109:QFVgG7mqkkOFzR_oflqXAb3uEUOXxwIuVVU/getUpdates?offset=282&timeout=20 (Caused by NameResolutionError("<urllib3.connection.HTTPSConnection object at 0x7b4ca6aed0>: Failed to resolve 'tapi.bale.ai' ([Errno 7] No address associated with hostname)"))
Error: HTTPSConnectionPool(host='tapi.bale.ai', port=443): Max retries exceeded with url: /bot659328109:QFVgG7mqkkOFzR_oflqXAb3uEUOXxwIuVVU/getUpdates?offset=282&timeout=20 (Caused by NameResolutionError("<urllib3.connection.HTTPSConnection object at 0x7b497f3650>: Failed to resolve 'tapi.bale.ai' ([Errno 7] No address associated with hostname)"))
Error: HTTPSConnectionPool(host='tapi.bale.ai', port=443): Max retries exceeded with url: /bot659328109:QFVgG7mqkkOFzR_oflqXAb3uEUOXxwIuVVU/getUpdates?offset=282&timeout=20 (Caused by NameResolutionError("<urllib3.connection.HTTPSConnection object at 0x7b497a6510>: Failed to resolve 'tapi.bale.ai' ([Errno 7] No address associated with hostname)"))
Error: HTTPSConnectionPool(host='tapi.bale.ai', port=443): Max retries exceeded with url: /bot659328109:QFVgG7mqkkOFzR_oflqXAb3uEUOXxwIuVVU/getUpdates?offset=282&timeout=20 (Caused by NameResolutionError("<urllib3.connection.HTTPSConnection object at 0x7b4d829e50>: Failed to resolve 'tapi.bale.ai' ([Errno 7] No address associated with hostname)"))
Error: HTTPSConnectionPool(host='tapi.bale.ai', port=443): Max retries exceeded with url: /bot659328109:QFVgG7mqkkOFzR_oflqXAb3uEUOXxwIuVVU/getUpdates?offset=282&timeout=20 (Caused by NameResolutionError("<urllib3.connection.HTTPSConnection object at 0x7b49829310>: Failed to resolve 'tapi.bale.ai' ([Errno 7] No address associated with hostname)"))
Error: HTTPSConnectionPool(host='tapi.bale.ai', port=443): Max retries exceeded with url: /bot659328109:QFVgG7mqkkOFzR_oflqXAb3uEUOXxwIuVVU/getUpdates?offset=282&timeout=20 (Caused by NameResolutionError("<urllib3.connection.HTTPSConnection object at 0x7b498288c0>: Failed to resolve 'tapi.bale.ai' ([Errno 7] No address associated with hostname)"))
Error: HTTPSConnectionPool(host='tapi.bale.ai', port=443): Max retries exceeded with url: /bot659328109:QFVgG7mqkkOFzR_oflqXAb3uEUOXxwIuVVU/getUpdates?offset=282&timeout=20 (Caused by NameResolutionError("<urllib3.connection.HTTPSConnection object at 0x7b49829850>: Failed to resolve 'tapi.bale.ai' ([Errno 7] No address associated with hostname)"))
Error: HTTPSConnectionPool(host='tapi.bale.ai', port=443): Max retries exceeded with url: /bot659328109:QFVgG7mqkkOFzR_oflqXAb3uEUOXxwIuVVU/getUpdates?offset=282&timeout=20 (Caused by NameResolutionError("<urllib3.connection.HTTPSConnection object at 0x7b49d1c230>: Failed to resolve 'tapi.bale.ai' ([Errno 7] No address associated with hostname)"))
Error: HTTPSConnectionPool(host='tapi.bale.ai', port=443): Max retries exceeded with url: /bot659328109:QFVgG7mqkkOFzR_oflqXAb3uEUOXxwIuVVU/getUpdates?offset=282&timeout=20 (Caused by NameResolutionError("<urllib3.connection.HTTPSConnection object at 0x7b4d4e9100>: Failed to resolve 'tapi.bale.ai' ([Errno 7] No address associated with hostname)"))
Error: HTTPSConnectionPool(host='tapi.bale.ai', port=443): Max retries exceeded with url: /bot659328109:QFVgG7mqkkOFzR_oflqXAb3uEUOXxwIuVVU/getUpdates?offset=282&timeout=20 (Caused by NameResolutionError("<urllib3.connection.HTTPSConnection object at 0x7b497f2780>: Failed to resolve 'tapi.bale.ai' ([Errno 7] No address associated with hostname)"))
Error: HTTPSConnectionPool(host='tapi.bale.ai', port=443): Max retries exceeded with url: /bot659328109:QFVgG7mqkkOFzR_oflqXAb3uEUOXxwIuVVU/getUpdates?offset=282&timeout=20 (Caused by NameResolutionError("<urllib3.connection.HTTPSConnection object at 0x7b49a38110>: Failed to resolve 'tapi.bale.ai' ([Errno 7] No address associated with hostname)"))
Error: HTTPSConnectionPool(host='tapi.bale.ai', port=443): Max retries exceeded with url: /bot659328109:QFVgG7mqkkOFzR_oflqXAb3uEUOXxwIuVVU/getUpdates?offset=282&timeout=20 (Caused by NameResolutionError("<urllib3.connection.HTTPSConnection object at 0x7b4982a300>: Failed to resolve 'tapi.bale.ai' ([Errno 7] No address associated with hostname)"))
Error: HTTPSConnectionPool(host='tapi.bale.ai', port=443): Max retries exceeded with url: /bot659328109:QFVgG7mqkkOFzR_oflqXAb3uEUOXxwIuVVU/getUpdates?offset=282&timeout=20 (Caused by NameResolutionError("<urllib3.connection.HTTPSConnection object at 0x7b4982b0e0>: Failed to resolve 'tapi.bale.ai' ([Errno 7] No address associated with hostname)"))
Error: HTTPSConnectionPool(host='tapi.bale.ai', port=443): Max retries exceeded with url: /bot659328109:QFVgG7mqkkOFzR_oflqXAb3uEUOXxwIuVVU/getUpdates?offset=282&timeout=20 (Caused by NameResolutionError("<urllib3.connection.HTTPSConnection object at 0x7b49a38110>: Failed to resolve 'tapi.bale.ai' ([Errno 7] No address associated with hostname)"))
Error: HTTPSConnectionPool(host='tapi.bale.ai', port=443): Max retries exceeded with url: /bot659328109:QFVgG7mqkkOFzR_oflqXAb3uEUOXxwIuVVU/getUpdates?offset=282&timeout=20 (Caused by NameResolutionError("<urllib3.connection.HTTPSConnection object at 0x711645b5f0>: Failed to resolve 'tapi.bale.ai' ([Errno 7] No address associated with hostname)"))
Error: HTTPSConnectionPool(host='tapi.bale.ai', port=443): Max retries exceeded with url: /bot659328109:QFVgG7mqkkOFzR_oflqXAb3uEUOXxwIuVVU/getUpdates?offset=282&timeout=20 (Caused by NameResolutionError("<urllib3.connection.HTTPSConnection object at 0x711645b380>: Failed to resolve 'tapi.bale.ai' ([Errno 7] No address associated with hostname)"))
Error: HTTPSConnectionPool(host='tapi.bale.ai', port=443): Max retries exceeded with url: /bot659328109:QFVgG7mqkkOFzR_oflqXAb3uEUOXxwIuVVU/getUpdates?offset=282&timeout=20 (Caused by NameResolutionError("<urllib3.connection.HTTPSConnection object at 0x7116af99a0>: Failed to resolve 'tapi.bale.ai' ([Errno 7] No address associated with hostname)"))
Error: HTTPSConnectionPool(host='tapi.bale.ai', port=443): Max retries exceeded with url: /bot659328109:QFVgG7mqkkOFzR_oflqXAb3uEUOXxwIuVVU/getUpdates?offset=282&timeout=20 (Caused by NameResolutionError("<urllib3.connection.HTTPSConnection object at 0x7116d517c0>: Failed to resolve 'tapi.bale.ai' ([Errno 7] No address associated with hostname)"))
Error: HTTPSConnectionPool(host='tapi.bale.ai', port=443): Max retries exceeded with url: /bot659328109:QFVgG7mqkkOFzR_oflqXAb3uEUOXxwIuVVU/getUpdates?offset=282&timeout=20 (Caused by NameResolutionError("<urllib3.connection.HTTPSConnection object at 0x71177f2480>: Failed to resolve 'tapi.bale.ai' ([Errno 7] No address associated with hostname)"))
Error: HTTPSConnectionPool(host='tapi.bale.ai', port=443): Max retries exceeded with url: /bot659328109:QFVgG7mqkkOFzR_oflqXAb3uEUOXxwIuVVU/getUpdates?offset=282&timeout=20 (Caused by NameResolutionError("<urllib3.connection.HTTPSConnection object at 0x7116429ee0>: Failed to resolve 'tapi.bale.ai' ([Errno 7] No address associated with hostname)"))
Error: HTTPSConnectionPool(host='tapi.bale.ai', port=443): Max retries exceeded with url: /bot659328109:QFVgG7mqkkOFzR_oflqXAb3uEUOXxwIuVVU/getUpdates?offset=282&timeout=20 (Caused by NameResolutionError("<urllib3.connection.HTTPSConnection object at 0x711642be60>: Failed to resolve 'tapi.bale.ai' ([Errno 7] No address associated with hostname)"))
Error: HTTPSConnectionPool(host='tapi.bale.ai', port=443): Max retries exceeded with url: /bot659328109:QFVgG7mqkkOFzR_oflqXAb3uEUOXxwIuVVU/getUpdates?offset=282&timeout=20 (Caused by NameResolutionError("<urllib3.connection.HTTPSConnection object at 0x7116459580>: Failed to resolve 'tapi.bale.ai' ([Errno 7] No address associated with hostname)"))
Error: HTTPSConnectionPool(host='tapi.bale.ai', port=443): Max retries exceeded with url: /bot659328109:QFVgG7mqkkOFzR_oflqXAb3uEUOXxwIuVVU/getUpdates?offset=282&timeout=20 (Caused by NameResolutionError("<urllib3.connection.HTTPSConnection object at 0x7116459c70>: Failed to resolve 'tapi.bale.ai' ([Errno 7] No address associated with hostname)"))
Error: HTTPSConnectionPool(host='tapi.bale.ai', port=443): Max retries exceeded with url: /bot659328109:QFVgG7mqkkOFzR_oflqXAb3uEUOXxwIuVVU/getUpdates?offset=282&timeout=20 (Caused by NameResolutionError("<urllib3.connection.HTTPSConnection object at 0x711642b620>: Failed to resolve 'tapi.bale.ai' ([Errno 7] No address associated with hostname)"))
Error: HTTPSConnectionPool(host='tapi.bale.ai', port=443): Max retries exceeded with url: /bot659328109:QFVgG7mqkkOFzR_oflqXAb3uEUOXxwIuVVU/getUpdates?offset=282&timeout=20 (Caused by NameResolutionError("<urllib3.connection.HTTPSConnection object at 0x711642aab0>: Failed to resolve 'tapi.bale.ai' ([Errno 7] No address associated with hostname)"))
Error: HTTPSConnectionPool(host='tapi.bale.ai', port=443): Max retries exceeded with url: /bot659328109:QFVgG7mqkkOFzR_oflqXAb3uEUOXxwIuVVU/getUpdates?offset=282&timeout=20 (Caused by NameResolutionError("<urllib3.connection.HTTPSConnection object at 0x71177f23f0>: Failed to resolve 'tapi.bale.ai' ([Errno 7] No address associated with hostname)"))
Error: HTTPSConnectionPool(host='tapi.bale.ai', port=443): Max retries exceeded with url: /bot659328109:QFVgG7mqkkOFzR_oflqXAb3uEUOXxwIuVVU/getUpdates?offset=282&timeout=20 (Caused by NameResolutionError("<urllib3.connection.HTTPSConnection object at 0x7116d88d10>: Failed to resolve 'tapi.bale.ai' ([Errno 7] No address associated with hostname)"))
Error: HTTPSConnectionPool(host='tapi.bale.ai', port=443): Max retries exceeded with url: /bot659328109:QFVgG7mqkkOFzR_oflqXAb3uEUOXxwIuVVU/getUpdates?offset=282&timeout=20 (Caused by NameResolutionError("<urllib3.connection.HTTPSConnection object at 0x7116ce4cb0>: Failed to resolve 'tapi.bale.ai' ([Errno 7] No address associated with hostname)"))
Error: HTTPSConnectionPool(host='tapi.bale.ai', port=443): Max retries exceeded with url: /bot659328109:QFVgG7mqkkOFzR_oflqXAb3uEUOXxwIuVVU/getUpdates?offset=282&timeout=20 (Caused by NameResolutionError("<urllib3.connection.HTTPSConnection object at 0x711645afc0>: Failed to resolve 'tapi.bale.ai' ([Errno 7] No address associated with hostname)"))
Error: HTTPSConnectionPool(host='tapi.bale.ai', port=443): Max retries exceeded with url: /bot659328109:QFVgG7mqkkOFzR_oflqXAb3uEUOXxwIuVVU/getUpdates?offset=282&timeout=20 (Caused by NameResolutionError("<urllib3.connection.HTTPSConnection object at 0x7116af99a0>: Failed to resolve 'tapi.bale.ai' ([Errno 7] No address associated with hostname)"))
Error: HTTPSConnectionPool(host='tapi.bale.ai', port=443): Max retries exceeded with url: /bot659328109:QFVgG7mqkkOFzR_oflqXAb3uEUOXxwIuVVU/getUpdates?offset=282&timeout=20 (Caused by NameResolutionError("<urllib3.connection.HTTPSConnection object at 0x7116d518b0>: Failed to resolve 'tapi.bale.ai' ([Errno 7] No address associated with hostname)"))
Error: HTTPSConnectionPool(host='tapi.bale.ai', port=443): Max retries exceeded with url: /bot659328109:QFVgG7mqkkOFzR_oflqXAb3uEUOXxwIuVVU/getUpdates?offset=282&timeout=20 (Caused by NameResolutionError("<urllib3.connection.HTTPSConnection object at 0x7119aeb860>: Failed to resolve 'tapi.bale.ai' ([Errno 7] No address associated with hostname)"))
Error: HTTPSConnectionPool(host='tapi.bale.ai', port=443): Max retries exceeded with url: /bot659328109:QFVgG7mqkkOFzR_oflqXAb3uEUOXxwIuVVU/getUpdates?offset=282&timeout=20 (Caused by NameResolutionError("<urllib3.connection.HTTPSConnection object at 0x7116429820>: Failed to resolve 'tapi.bale.ai' ([Errno 7] No address associated with hostname)"))
Error: HTTPSConnectionPool(host='tapi.bale.ai', port=443): Max retries exceeded with url: /bot659328109:QFVgG7mqkkOFzR_oflqXAb3uEUOXxwIuVVU/getUpdates?offset=282&timeout=20 (Caused by NameResolutionError("<urllib3.connection.HTTPSConnection object at 0x711642be60>: Failed to resolve 'tapi.bale.ai' ([Errno 7] No address associated with hostname)"))
Error: HTTPSConnectionPool(host='tapi.bale.ai', port=443): Max retries exceeded with url: /bot659328109:QFVgG7mqkkOFzR_oflqXAb3uEUOXxwIuVVU/getUpdates?offset=282&timeout=20 (Caused by NameResolutionError("<urllib3.connection.HTTPSConnection object at 0x711645a510>: Failed to resolve 'tapi.bale.ai' ([Errno 7] No address associated with hostname)"))
Error: HTTPSConnectionPool(host='tapi.bale.ai', port=443): Max retries exceeded with url: /bot659328109:QFVgG7mqkkOFzR_oflqXAb3uEUOXxwIuVVU/getUpdates?offset=282&timeout=20 (Caused by NameResolutionError("<urllib3.connection.HTTPSConnection object at 0x711645a180>: Failed to resolve 'tapi.bale.ai' ([Errno 7] No address associated with hostname)"))
Error: HTTPSConnectionPool(host='tapi.bale.ai', port=443): Max retries exceeded with url: /bot659328109:QFVgG7mqkkOFzR_oflqXAb3uEUOXxwIuVVU/getUpdates?offset=282&timeout=20 (Caused by NameResolutionError("<urllib3.connection.HTTPSConnection object at 0x711642b350>: Failed to resolve 'tapi.bale.ai' ([Errno 7] No address associated with hostname)"))
Error: HTTPSConnectionPool(host='tapi.bale.ai', port=443): Max retries exceeded with url: /bot659328109:QFVgG7mqkkOFzR_oflqXAb3uEUOXxwIuVVU/getUpdates?offset=282&timeout=20 (Caused by NameResolutionError("<urllib3.connection.HTTPSConnection object at 0x7116429520>: Failed to resolve 'tapi.bale.ai' ([Errno 7] No address associated with hostname)"))
Error: HTTPSConnectionPool(host='tapi.bale.ai', port=443): Max retries exceeded with url: /bot659328109:QFVgG7mqkkOFzR_oflqXAb3uEUOXxwIuVVU/getUpdates?offset=282&timeout=20 (Caused by NameResolutionError("<urllib3.connection.HTTPSConnection object at 0x72dc066270>: Failed to resolve 'tapi.bale.ai' ([Errno 7] No address associated with hostname)"))
Error: HTTPSConnectionPool(host='tapi.bale.ai', port=443): Max retries exceeded with url: /bot659328109:QFVgG7mqkkOFzR_oflqXAb3uEUOXxwIuVVU/getUpdates?offset=282&timeout=20 (Caused by NameResolutionError("<urllib3.connection.HTTPSConnection object at 0x72dc067500>: Failed to resolve 'tapi.bale.ai' ([Errno 7] No address associated with hostname)"))
Error: HTTPSConnectionPool(host='tapi.bale.ai', port=443): Max retries exceeded with url: /bot659328109:QFVgG7mqkkOFzR_oflqXAb3uEUOXxwIuVVU/getUpdates?offset=282&timeout=20 (Caused by NameResolutionError("<urllib3.connection.HTTPSConnection object at 0x72dc066060>: Failed to resolve 'tapi.bale.ai' ([Errno 7] No address associated with hostname)"))
Error: HTTPSConnectionPool(host='tapi.bale.ai', port=443): Max retries exceeded with url: /bot659328109:QFVgG7mqkkOFzR_oflqXAb3uEUOXxwIuVVU/getUpdates?offset=282&timeout=20 (Caused by NameResolutionError("<urllib3.connection.HTTPSConnection object at 0x72dd892570>: Failed to resolve 'tapi.bale.ai' ([Errno 7] No address associated with hostname)"))
Error: HTTPSConnectionPool(host='tapi.bale.ai', port=443): Max retries exceeded with url: /bot659328109:QFVgG7mqkkOFzR_oflqXAb3uEUOXxwIuVVU/getUpdates?offset=282&timeout=20 (Caused by NameResolutionError("<urllib3.connection.HTTPSConnection object at 0x72dc02f440>: Failed to resolve 'tapi.bale.ai' ([Errno 7] No address associated with hostname)"))
Error: HTTPSConnectionPool(host='tapi.bale.ai', port=443): Max retries exceeded with url: /bot659328109:QFVgG7mqkkOFzR_oflqXAb3uEUOXxwIuVVU/getUpdates?offset=282&timeout=20 (Caused by NameResolutionError("<urllib3.connection.HTTPSConnection object at 0x72dc02e270>: Failed to resolve 'tapi.bale.ai' ([Errno 7] No address associated with hostname)"))
Error: HTTPSConnectionPool(host='tapi.bale.ai', port=443): Max retries exceeded with url: /bot659328109:QFVgG7mqkkOFzR_oflqXAb3uEUOXxwIuVVU/getUpdates?offset=282&timeout=20 (Caused by NameResolutionError("<urllib3.connection.HTTPSConnection object at 0x72dd12aab0>: Failed to resolve 'tapi.bale.ai' ([Errno 7] No address associated with hostname)"))
Error: HTTPSConnectionPool(host='tapi.bale.ai', port=443): Max retries exceeded with url: /bot659328109:QFVgG7mqkkOFzR_oflqXAb3uEUOXxwIuVVU/getUpdates?offset=282&timeout=20 (Caused by NameResolutionError("<urllib3.connection.HTTPSConnection object at 0x72dc066ba0>: Failed to resolve 'tapi.bale.ai' ([Errno 7] No address associated with hostname)"))
Error: HTTPSConnectionPool(host='tapi.bale.ai', port=443): Max retries exceeded with url: /bot659328109:QFVgG7mqkkOFzR_oflqXAb3uEUOXxwIuVVU/getUpdates?offset=282&timeout=20 (Caused by NameResolutionError("<urllib3.connection.HTTPSConnection object at 0x72dc066db0>: Failed to resolve 'tapi.bale.ai' ([Errno 7] No address associated with hostname)"))
Error: HTTPSConnectionPool(host='tapi.bale.ai', port=443): Max retries exceeded with url: /bot659328109:QFVgG7mqkkOFzR_oflqXAb3uEUOXxwIuVVU/getUpdates?offset=282&timeout=20 (Caused by NameResolutionError("<urllib3.connection.HTTPSConnection object at 0x72dd138980>: Failed to resolve 'tapi.bale.ai' ([Errno 7] No address associated with hostname)"))
Error: HTTPSConnectionPool(host='tapi.bale.ai', port=443): Max retries exceeded with url: /bot659328109:QFVgG7mqkkOFzR_oflqXAb3uEUOXxwIuVVU/getUpdates?offset=282&timeout=20 (Caused by NameResolutionError("<urllib3.connection.HTTPSConnection object at 0x72dc02e510>: Failed to resolve 'tapi.bale.ai' ([Errno 7] No address associated with hostname)"))
Error: HTTPSConnectionPool(host='tapi.bale.ai', port=443): Max retries exceeded with url: /bot659328109:QFVgG7mqkkOFzR_oflqXAb3uEUOXxwIuVVU/getUpdates?offset=282&timeout=20 (Caused by NameResolutionError("<urllib3.connection.HTTPSConnection object at 0x72dc02fb90>: Failed to resolve 'tapi.bale.ai' ([Errno 7] No address associated with hostname)"))
Error: HTTPSConnectionPool(host='tapi.bale.ai', port=443): Max retries exceeded with url: /bot659328109:QFVgG7mqkkOFzR_oflqXAb3uEUOXxwIuVVU/getUpdates?offset=282&timeout=20 (Caused by NameResolutionError("<urllib3.connection.HTTPSConnection object at 0x72dd1b2360>: Failed to resolve 'tapi.bale.ai' ([Errno 7] No address associated with hostname)"))
Error: HTTPSConnectionPool(host='tapi.bale.ai', port=443): Max retries exceeded with url: /bot659328109:QFVgG7mqkkOFzR_oflqXAb3uEUOXxwIuVVU/getUpdates?offset=282&timeout=20 (Caused by NameResolutionError("<urllib3.connection.HTTPSConnection object at 0x72dc0674d0>: Failed to resolve 'tapi.bale.ai' ([Errno 7] No address associated with hostname)"))
Error: HTTPSConnectionPool(host='tapi.bale.ai', port=443): Max retries exceeded with url: /bot659328109:QFVgG7mqkkOFzR_oflqXAb3uEUOXxwIuVVU/getUpdates?offset=282&timeout=20 (Caused by NameResolutionError("<urllib3.connection.HTTPSConnection object at 0x72dc064500>: Failed to resolve 'tapi.bale.ai' ([Errno 7] No address associated with hostname)"))
Error: HTTPSConnectionPool(host='tapi.bale.ai', port=443): Max retries exceeded with url: /bot659328109:QFVgG7mqkkOFzR_oflqXAb3uEUOXxwIuVVU/getUpdates?offset=282&timeout=20 (Caused by NameResolutionError("<urllib3.connection.HTTPSConnection object at 0x72dc067080>: Failed to resolve 'tapi.bale.ai' ([Errno 7] No address associated with hostname)"))
Error: HTTPSConnectionPool(host='tapi.bale.ai', port=443): Max retries exceeded with url: /bot659328109:QFVgG7mqkkOFzR_oflqXAb3uEUOXxwIuVVU/getUpdates?offset=282&timeout=20 (Caused by NameResolutionError("<urllib3.connection.HTTPSConnection object at 0x72dd892510>: Failed to resolve 'tapi.bale.ai' ([Errno 7] No address associated with hostname)"))
Error: HTTPSConnectionPool(host='tapi.bale.ai', port=443): Max retries exceeded with url: /bot659328109:QFVgG7mqkkOFzR_oflqXAb3uEUOXxwIuVVU/getUpdates?offset=282&timeout=20 (Caused by NameResolutionError("<urllib3.connection.HTTPSConnection object at 0x72dc02fd40>: Failed to resolve 'tapi.bale.ai' ([Errno 7] No address associated with hostname)"))
Error: HTTPSConnectionPool(host='tapi.bale.ai', port=443): Max retries exceeded with url: /bot659328109:QFVgG7mqkkOFzR_oflqXAb3uEUOXxwIuVVU/getUpdates?offset=282&timeout=20 (Caused by NameResolutionError("<urllib3.connection.HTTPSConnection object at 0x72dc02ea80>: Failed to resolve 'tapi.bale.ai' ([Errno 7] No address associated with hostname)"))
Error: HTTPSConnectionPool(host='tapi.bale.ai', port=443): Max retries exceeded with url: /bot659328109:QFVgG7mqkkOFzR_oflqXAb3uEUOXxwIuVVU/getUpdates?offset=282&timeout=20 (Caused by NameResolutionError("<urllib3.connection.HTTPSConnection object at 0x72dd41fa40>: Failed to resolve 'tapi.bale.ai' ([Errno 7] No address associated with hostname)"))
Error: HTTPSConnectionPool(host='tapi.bale.ai', port=443): Max retries exceeded with url: /bot659328109:QFVgG7mqkkOFzR_oflqXAb3uEUOXxwIuVVU/getUpdates?offset=282&timeout=20 (Caused by NameResolutionError("<urllib3.connection.HTTPSConnection object at 0x72dc067200>: Failed to resolve 'tapi.bale.ai' ([Errno 7] No address associated with hostname)"))
Error: HTTPSConnectionPool(host='tapi.bale.ai', port=443): Max retries exceeded with url: /bot659328109:QFVgG7mqkkOFzR_oflqXAb3uEUOXxwIuVVU/getUpdates?offset=282&timeout=20 (Caused by NameResolutionError("<urllib3.connection.HTTPSConnection object at 0x72dc0671d0>: Failed to resolve 'tapi.bale.ai' ([Errno 7] No address associated with hostname)"))
Error: HTTPSConnectionPool(host='tapi.bale.ai', port=443): Max retries exceeded with url: /bot659328109:QFVgG7mqkkOFzR_oflqXAb3uEUOXxwIuVVU/getUpdates?offset=282&timeout=20 (Caused by NameResolutionError("<urllib3.connection.HTTPSConnection object at 0x72df6dc8f0>: Failed to resolve 'tapi.bale.ai' ([Errno 7] No address associated with hostname)"))
Error: HTTPSConnectionPool(host='tapi.bale.ai', port=443): Max retries exceeded with url: /bot659328109:QFVgG7mqkkOFzR_oflqXAb3uEUOXxwIuVVU/getUpdates?offset=282&timeout=20 (Caused by NameResolutionError("<urllib3.connection.HTTPSConnection object at 0x72dc02e840>: Failed to resolve 'tapi.bale.ai' ([Errno 7] No address associated with hostname)"))
Error: HTTPSConnectionPool(host='tapi.bale.ai', port=443): Max retries exceeded with url: /bot659328109:QFVgG7mqkkOFzR_oflqXAb3uEUOXxwIuVVU/getUpdates?offset=282&timeout=20 (Caused by NameResolutionError("<urllib3.connection.HTTPSConnection object at 0x7b497f3260>: Failed to resolve 'tapi.bale.ai' ([Errno 7] No address associated with hostname)"))
Error: HTTPSConnectionPool(host='tapi.bale.ai', port=443): Max retries exceeded with url: /bot659328109:QFVgG7mqkkOFzR_oflqXAb3uEUOXxwIuVVU/getUpdates?offset=282&timeout=20 (Caused by NameResolutionError("<urllib3.connection.HTTPSConnection object at 0x7b4d4e9100>: Failed to resolve 'tapi.bale.ai' ([Errno 7] No address associated with hostname)"))
Error: HTTPSConnectionPool(host='tapi.bale.ai', port=443): Max retries exceeded with url: /bot659328109:QFVgG7mqkkOFzR_oflqXAb3uEUOXxwIuVVU/getUpdates?offset=282&timeout=20 (Caused by NameResolutionError("<urllib3.connection.HTTPSConnection object at 0x7b49c7e900>: Failed to resolve 'tapi.bale.ai' ([Errno 7] No address associated with hostname)"))
Error: HTTPSConnectionPool(host='tapi.bale.ai', port=443): Max retries exceeded with url: /bot659328109:QFVgG7mqkkOFzR_oflqXAb3uEUOXxwIuVVU/getUpdates?offset=282&timeout=20 (Caused by NameResolutionError("<urllib3.connection.HTTPSConnection object at 0x7b49828560>: Failed to resolve 'tapi.bale.ai' ([Errno 7] No address associated with hostname)"))
Error: HTTPSConnectionPool(host='tapi.bale.ai', port=443): Max retries exceeded with url: /bot659328109:QFVgG7mqkkOFzR_oflqXAb3uEUOXxwIuVVU/getUpdates?offset=282&timeout=20 (Caused by NameResolutionError("<urllib3.connection.HTTPSConnection object at 0x7b49829a30>: Failed to resolve 'tapi.bale.ai' ([Errno 7] No address associated with hostname)"))
Error: HTTPSConnectionPool(host='tapi.bale.ai', port=443): Max retries exceeded with url: /bot659328109:QFVgG7mqkkOFzR_oflqXAb3uEUOXxwIuVVU/getUpdates?offset=282&timeout=20 (Caused by NameResolutionError("<urllib3.connection.HTTPSConnection object at 0x7b4982b5f0>: Failed to resolve 'tapi.bale.ai' ([Errno 7] No address associated with hostname)"))
Error: HTTPSConnectionPool(host='tapi.bale.ai', port=443): Max retries exceeded with url: /bot659328109:QFVgG7mqkkOFzR_oflqXAb3uEUOXxwIuVVU/getUpdates?offset=282&timeout=20 (Caused by NameResolutionError("<urllib3.connection.HTTPSConnection object at 0x7b49d1f440>: Failed to resolve 'tapi.bale.ai' ([Errno 7] No address associated with hostname)"))
Error: HTTPSConnectionPool(host='tapi.bale.ai', port=443): Max retries exceeded with url: /bot659328109:QFVgG7mqkkOFzR_oflqXAb3uEUOXxwIuVVU/getUpdates?offset=282&timeout=20 (Caused by NameResolutionError("<urllib3.connection.HTTPSConnection object at 0x7b497a4ef0>: Failed to resolve 'tapi.bale.ai' ([Errno 7] No address associated with hostname)"))
Error: HTTPSConnectionPool(host='tapi.bale.ai', port=443): Max retries exceeded with url: /bot659328109:QFVgG7mqkkOFzR_oflqXAb3uEUOXxwIuVVU/getUpdates?offset=282&timeout=20 (Caused by NameResolutionError("<urllib3.connection.HTTPSConnection object at 0x7b497f3da0>: Failed to resolve 'tapi.bale.ai' ([Errno 7] No address associated with hostname)"))
Error: HTTPSConnectionPool(host='tapi.bale.ai', port=443): Max retries exceeded with url: /bot659328109:QFVgG7mqkkOFzR_oflqXAb3uEUOXxwIuVVU/getUpdates?offset=282&timeout=20 (Caused by NameResolutionError("<urllib3.connection.HTTPSConnection object at 0x7b4ca6aed0>: Failed to resolve 'tapi.bale.ai' ([Errno 7] No address associated with hostname)"))
Error: HTTPSConnectionPool(host='tapi.bale.ai', port=443): Max retries exceeded with url: /bot659328109:QFVgG7mqkkOFzR_oflqXAb3uEUOXxwIuVVU/getUpdates?offset=282&timeout=20 (Caused by NameResolutionError("<urllib3.connection.HTTPSConnection object at 0x7b4982b920>: Failed to resolve 'tapi.bale.ai' ([Errno 7] No address associated with hostname)"))
Error: HTTPSConnectionPool(host='tapi.bale.ai', port=443): Max retries exceeded with url: /bot659328109:QFVgG7mqkkOFzR_oflqXAb3uEUOXxwIuVVU/getUpdates?offset=282&timeout=20 (Caused by NameResolutionError("<urllib3.connection.HTTPSConnection object at 0x7b498291c0>: Failed to resolve 'tapi.bale.ai' ([Errno 7] No address associated with hostname)"))
Error: HTTPSConnectionPool(host='tapi.bale.ai', port=443): Max retries exceeded with url: /bot659328109:QFVgG7mqkkOFzR_oflqXAb3uEUOXxwIuVVU/getUpdates?offset=282&timeout=20 (Caused by NameResolutionError("<urllib3.connection.HTTPSConnection object at 0x7b4ca6aed0>: Failed to resolve 'tapi.bale.ai' ([Errno 7] No address associated with hostname)"))
Error: HTTPSConnectionPool(host='tapi.bale.ai', port=443): Max retries exceeded with url: /bot659328109:QFVgG7mqkkOFzR_oflqXAb3uEUOXxwIuVVU/getUpdates?offset=282&timeout=20 (Caused by NameResolutionError("<urllib3.connection.HTTPSConnection object at 0x7b497f2ba0>: Failed to resolve 'tapi.bale.ai' ([Errno 7] No address associated with hostname)"))
Error: HTTPSConnectionPool(host='tapi.bale.ai', port=443): Max retries exceeded with url: /bot659328109:QFVgG7mqkkOFzR_oflqXAb3uEUOXxwIuVVU/getUpdates?offset=282&timeout=20 (Caused by NameResolutionError("<urllib3.connection.HTTPSConnection object at 0x7b497a4ef0>: Failed to resolve 'tapi.bale.ai' ([Errno 7] No address associated with hostname)"))
Error: HTTPSConnectionPool(host='tapi.bale.ai', port=443): Max retries exceeded with url: /bot659328109:QFVgG7mqkkOFzR_oflqXAb3uEUOXxwIuVVU/getUpdates?offset=282&timeout=20 (Caused by NameResolutionError("<urllib3.connection.HTTPSConnection object at 0x7b4ca80f20>: Failed to resolve 'tapi.bale.ai' ([Errno 7] No address associated with hostname)"))
Error: HTTPSConnectionPool(host='tapi.bale.ai', port=443): Max retries exceeded with url: /bot659328109:QFVgG7mqkkOFzR_oflqXAb3uEUOXxwIuVVU/getUpdates?offset=282&timeout=20 (Caused by NameResolutionError("<urllib3.connection.HTTPSConnection object at 0x7b4982a1e0>: Failed to resolve 'tapi.bale.ai' ([Errno 7] No address associated with hostname)"))
Error: HTTPSConnectionPool(host='tapi.bale.ai', port=443): Max retries exceeded with url: /bot659328109:QFVgG7mqkkOFzR_oflqXAb3uEUOXxwIuVVU/getUpdates?offset=282&timeout=20 (Caused by NameResolutionError("<urllib3.connection.HTTPSConnection object at 0x7b49829ac0>: Failed to resolve 'tapi.bale.ai' ([Errno 7] No address associated with hostname)"))
Error: HTTPSConnectionPool(host='tapi.bale.ai', port=443): Max retries exceeded with url: /bot659328109:QFVgG7mqkkOFzR_oflqXAb3uEUOXxwIuVVU/getUpdates?offset=282&timeout=20 (Caused by NameResolutionError("<urllib3.connection.HTTPSConnection object at 0x7b4982a7e0>: Failed to resolve 'tapi.bale.ai' ([Errno 7] No address associated with hostname)"))
Error: HTTPSConnectionPool(host='tapi.bale.ai', port=443): Max retries exceeded with url: /bot659328109:QFVgG7mqkkOFzR_oflqXAb3uEUOXxwIuVVU/getUpdates?offset=282&timeout=20 (Caused by NameResolutionError("<urllib3.connection.HTTPSConnection object at 0x7b4d547cb0>: Failed to resolve 'tapi.bale.ai' ([Errno 7] No address associated with hostname)"))
Error: HTTPSConnectionPool(host='tapi.bale.ai', port=443): Max retries exceeded with url: /bot659328109:QFVgG7mqkkOFzR_oflqXAb3uEUOXxwIuVVU/getUpdates?offset=282&timeout=20 (Caused by NameResolutionError("<urllib3.connection.HTTPSConnection object at 0x7b4a1f2fc0>: Failed to resolve 'tapi.bale.ai' ([Errno 7] No address associated with hostname)"))
Error: HTTPSConnectionPool(host='tapi.bale.ai', port=443): Max retries exceeded with url: /bot659328109:QFVgG7mqkkOFzR_oflqXAb3uEUOXxwIuVVU/getUpdates?offset=282&timeout=20 (Caused by NameResolutionError("<urllib3.connection.HTTPSConnection object at 0x7b497f2990>: Failed to resolve 'tapi.bale.ai' ([Errno 7] No address associated with hostname)"))
Error: HTTPSConnectionPool(host='tapi.bale.ai', port=443): Max retries exceeded with url: /bot659328109:QFVgG7mqkkOFzR_oflqXAb3uEUOXxwIuVVU/getUpdates?offset=282&timeout=20 (Caused by NameResolutionError("<urllib3.connection.HTTPSConnection object at 0x7b4ca6aed0>: Failed to resolve 'tapi.bale.ai' ([Errno 7] No address associated with hostname)"))
Error: HTTPSConnectionPool(host='tapi.bale.ai', port=443): Max retries exceeded with url: /bot659328109:QFVgG7mqkkOFzR_oflqXAb3uEUOXxwIuVVU/getUpdates?offset=282&timeout=20 (Caused by NameResolutionError("<urllib3.connection.HTTPSConnection object at 0x7b49828cb0>: Failed to resolve 'tapi.bale.ai' ([Errno 7] No address associated with hostname)"))
Error: HTTPSConnectionPool(host='tapi.bale.ai', port=443): Max retries exceeded with url: /bot659328109:QFVgG7mqkkOFzR_oflqXAb3uEUOXxwIuVVU/getUpdates?offset=282&timeout=20 (Caused by NameResolutionError("<urllib3.connection.HTTPSConnection object at 0x71177f2420>: Failed to resolve 'tapi.bale.ai' ([Errno 7] No address associated with hostname)"))
Error: HTTPSConnectionPool(host='tapi.bale.ai', port=443): Max retries exceeded with url: /bot659328109:QFVgG7mqkkOFzR_oflqXAb3uEUOXxwIuVVU/getUpdates?offset=282&timeout=20 (Caused by NameResolutionError("<urllib3.connection.HTTPSConnection object at 0x7116d88d10>: Failed to resolve 'tapi.bale.ai' ([Errno 7] No address associated with hostname)"))
Error: HTTPSConnectionPool(host='tapi.bale.ai', port=443): Max retries exceeded with url: /bot659328109:QFVgG7mqkkOFzR_oflqXAb3uEUOXxwIuVVU/getUpdates?offset=282&timeout=20 (Caused by NameResolutionError("<urllib3.connection.HTTPSConnection object at 0x7116ce65a0>: Failed to resolve 'tapi.bale.ai' ([Errno 7] No address associated with hostname)"))
Error: HTTPSConnectionPool(host='tapi.bale.ai', port=443): Max retries exceeded with url: /bot659328109:QFVgG7mqkkOFzR_oflqXAb3uEUOXxwIuVVU/getUpdates?offset=282&timeout=20 (Caused by NameResolutionError("<urllib3.connection.HTTPSConnection object at 0x7116458560>: Failed to resolve 'tapi.bale.ai' ([Errno 7] No address associated with hostname)"))
Error: HTTPSConnectionPool(host='tapi.bale.ai', port=443): Max retries exceeded with url: /bot659328109:QFVgG7mqkkOFzR_oflqXAb3uEUOXxwIuVVU/getUpdates?offset=282&timeout=20 (Caused by NameResolutionError("<urllib3.connection.HTTPSConnection object at 0x7116ac01a0>: Failed to resolve 'tapi.bale.ai' ([Errno 7] No address associated with hostname)"))
Error: HTTPSConnectionPool(host='tapi.bale.ai', port=443): Max retries exceeded with url: /bot659328109:QFVgG7mqkkOFzR_oflqXAb3uEUOXxwIuVVU/getUpdates?offset=282&timeout=20 (Caused by NameResolutionError("<urllib3.connection.HTTPSConnection object at 0x7116d518b0>: Failed to resolve 'tapi.bale.ai' ([Errno 7] No address associated with hostname)"))
Error: HTTPSConnectionPool(host='tapi.bale.ai', port=443): Max retries exceeded with url: /bot659328109:QFVgG7mqkkOFzR_oflqXAb3uEUOXxwIuVVU/getUpdates?offset=282&timeout=20 (Caused by NameResolutionError("<urllib3.connection.HTTPSConnection object at 0x7119a93080>: Failed to resolve 'tapi.bale.ai' ([Errno 7] No address associated with hostname)"))
Error: HTTPSConnectionPool(host='tapi.bale.ai', port=443): Max retries exceeded with url: /bot659328109:QFVgG7mqkkOFzR_oflqXAb3uEUOXxwIuVVU/getUpdates?offset=282&timeout=20 (Caused by NameResolutionError("<urllib3.connection.HTTPSConnection object at 0x71164294f0>: Failed to resolve 'tapi.bale.ai' ([Errno 7] No address associated with hostname)"))
Error: HTTPSConnectionPool(host='tapi.bale.ai', port=443): Max retries exceeded with url: /bot659328109:QFVgG7mqkkOFzR_oflqXAb3uEUOXxwIuVVU/getUpdates?offset=282&timeout=20 (Caused by NameResolutionError("<urllib3.connection.HTTPSConnection object at 0x711642b350>: Failed to resolve 'tapi.bale.ai' ([Errno 7] No address associated with hostname)"))
Error: HTTPSConnectionPool(host='tapi.bale.ai', port=443): Max retries exceeded with url: /bot659328109:QFVgG7mqkkOFzR_oflqXAb3uEUOXxwIuVVU/getUpdates?offset=282&timeout=20 (Caused by NameResolutionError("<urllib3.connection.HTTPSConnection object at 0x71164595e0>: Failed to resolve 'tapi.bale.ai' ([Errno 7] No address associated with hostname)"))
Error: HTTPSConnectionPool(host='tapi.bale.ai', port=443): Max retries exceeded with url: /bot659328109:QFVgG7mqkkOFzR_oflqXAb3uEUOXxwIuVVU/getUpdates?offset=282&timeout=20 (Caused by NameResolutionError("<urllib3.connection.HTTPSConnection object at 0x711645a7e0>: Failed to resolve 'tapi.bale.ai' ([Errno 7] No address associated with hostname)"))
Error: HTTPSConnectionPool(host='tapi.bale.ai', port=443): Max retries exceeded with url: /bot659328109:QFVgG7mqkkOFzR_oflqXAb3uEUOXxwIuVVU/getUpdates?offset=282&timeout=20 (Caused by NameResolutionError("<urllib3.connection.HTTPSConnection object at 0x711642b350>: Failed to resolve 'tapi.bale.ai' ([Errno 7] No address associated with hostname)"))
Error: HTTPSConnectionPool(host='tapi.bale.ai', port=443): Max retries exceeded with url: /bot659328109:QFVgG7mqkkOFzR_oflqXAb3uEUOXxwIuVVU/getUpdates?offset=282&timeout=20 (Caused by NameResolutionError("<urllib3.connection.HTTPSConnection object at 0x7116429ee0>: Failed to resolve 'tapi.bale.ai' ([Errno 7] No address associated with hostname)"))
Error: HTTPSConnectionPool(host='tapi.bale.ai', port=443): Max retries exceeded with url: /bot659328109:QFVgG7mqkkOFzR_oflqXAb3uEUOXxwIuVVU/getUpdates?offset=282&timeout=20 (Caused by NameResolutionError("<urllib3.connection.HTTPSConnection object at 0x71177f24e0>: Failed to resolve 'tapi.bale.ai' ([Errno 7] No address associated with hostname)"))
Error: HTTPSConnectionPool(host='tapi.bale.ai', port=443): Max retries exceeded with url: /bot659328109:QFVgG7mqkkOFzR_oflqXAb3uEUOXxwIuVVU/getUpdates?offset=282&timeout=20 (Caused by NameResolutionError("<urllib3.connection.HTTPSConnection object at 0x7116d88d10>: Failed to resolve 'tapi.bale.ai' ([Errno 7] No address associated with hostname)"))
Error: HTTPSConnectionPool(host='tapi.bale.ai', port=443): Max retries exceeded with url: /bot659328109:QFVgG7mqkkOFzR_oflqXAb3uEUOXxwIuVVU/getUpdates?offset=282&timeout=20 (Caused by NameResolutionError("<urllib3.connection.HTTPSConnection object at 0x7116afa9c0>: Failed to resolve 'tapi.bale.ai' ([Errno 7] No address associated with hostname)"))
Error: HTTPSConnectionPool(host='tapi.bale.ai', port=443): Max retries exceeded with url: /bot659328109:QFVgG7mqkkOFzR_oflqXAb3uEUOXxwIuVVU/getUpdates?offset=282&timeout=20 (Caused by NameResolutionError("<urllib3.connection.HTTPSConnection object at 0x711645b320>: Failed to resolve 'tapi.bale.ai' ([Errno 7] No address associated with hostname)"))
Error: HTTPSConnectionPool(host='tapi.bale.ai', port=443): Max retries exceeded with url: /bot659328109:QFVgG7mqkkOFzR_oflqXAb3uEUOXxwIuVVU/getUpdates?offset=282&timeout=20 (Caused by NameResolutionError("<urllib3.connection.HTTPSConnection object at 0x7116ac00b0>: Failed to resolve 'tapi.bale.ai' ([Errno 7] No address associated with hostname)"))
Error: HTTPSConnectionPool(host='tapi.bale.ai', port=443): Max retries exceeded with url: /bot659328109:QFVgG7mqkkOFzR_oflqXAb3uEUOXxwIuVVU/getUpdates?offset=282&timeout=20 (Caused by NameResolutionError("<urllib3.connection.HTTPSConnection object at 0x7116d51910>: Failed to resolve 'tapi.bale.ai' ([Errno 7] No address associated with hostname)"))
Error: HTTPSConnectionPool(host='tapi.bale.ai', port=443): Max retries exceeded with url: /bot659328109:QFVgG7mqkkOFzR_oflqXAb3uEUOXxwIuVVU/getUpdates?offset=282&timeout=20 (Caused by NameResolutionError("<urllib3.connection.HTTPSConnection object at 0x7116d09e20>: Failed to resolve 'tapi.bale.ai' ([Errno 7] No address associated with hostname)"))
Error: HTTPSConnectionPool(host='tapi.bale.ai', port=443): Max retries exceeded with url: /bot659328109:QFVgG7mqkkOFzR_oflqXAb3uEUOXxwIuVVU/getUpdates?offset=282&timeout=20 (Caused by NameResolutionError("<urllib3.connection.HTTPSConnection object at 0x711642b380>: Failed to resolve 'tapi.bale.ai' ([Errno 7] No address associated with hostname)"))
Error: HTTPSConnectionPool(host='tapi.bale.ai', port=443): Max retries exceeded with url: /bot659328109:QFVgG7mqkkOFzR_oflqXAb3uEUOXxwIuVVU/getUpdates?offset=282&timeout=20 (Caused by NameResolutionError("<urllib3.connection.HTTPSConnection object at 0x711642aa20>: Failed to resolve 'tapi.bale.ai' ([Errno 7] No address associated with hostname)"))
Error: HTTPSConnectionPool(host='tapi.bale.ai', port=443): Max retries exceeded with url: /bot659328109:QFVgG7mqkkOFzR_oflqXAb3uEUOXxwIuVVU/getUpdates?offset=282&timeout=20 (Caused by NameResolutionError("<urllib3.connection.HTTPSConnection object at 0x711645aa50>: Failed to resolve 'tapi.bale.ai' ([Errno 7] No address associated with hostname)"))
Error: HTTPSConnectionPool(host='tapi.bale.ai', port=443): Max retries exceeded with url: /bot659328109:QFVgG7mqkkOFzR_oflqXAb3uEUOXxwIuVVU/getUpdates?offset=282&timeout=20 (Caused by NameResolutionError("<urllib3.connection.HTTPSConnection object at 0x711645a510>: Failed to resolve 'tapi.bale.ai' ([Errno 7] No address associated with hostname)"))
Error: HTTPSConnectionPool(host='tapi.bale.ai', port=443): Max retries exceeded with url: /bot659328109:QFVgG7mqkkOFzR_oflqXAb3uEUOXxwIuVVU/getUpdates?offset=282&timeout=20 (Caused by NameResolutionError("<urllib3.connection.HTTPSConnection object at 0x72dc02f170>: Failed to resolve 'tapi.bale.ai' ([Errno 7] No address associated with hostname)"))
Error: HTTPSConnectionPool(host='tapi.bale.ai', port=443): Max retries exceeded with url: /bot659328109:QFVgG7mqkkOFzR_oflqXAb3uEUOXxwIuVVU/getUpdates?offset=282&timeout=20 (Caused by NameResolutionError("<urllib3.connection.HTTPSConnection object at 0x72dd93f320>: Failed to resolve 'tapi.bale.ai' ([Errno 7] No address associated with hostname)"))
Error: HTTPSConnectionPool(host='tapi.bale.ai', port=443): Max retries exceeded with url: /bot659328109:QFVgG7mqkkOFzR_oflqXAb3uEUOXxwIuVVU/getUpdates?offset=282&timeout=20 (Caused by NameResolutionError("<urllib3.connection.HTTPSConnection object at 0x72dc0652e0>: Failed to resolve 'tapi.bale.ai' ([Errno 7] No address associated with hostname)"))
Error: HTTPSConnectionPool(host='tapi.bale.ai', port=443): Max retries exceeded with url: /bot659328109:QFVgG7mqkkOFzR_oflqXAb3uEUOXxwIuVVU/getUpdates?offset=282&timeout=20 (Caused by NameResolutionError("<urllib3.connection.HTTPSConnection object at 0x72dc067c20>: Failed to resolve 'tapi.bale.ai' ([Errno 7] No address associated with hostname)"))
Error: HTTPSConnectionPool(host='tapi.bale.ai', port=443): Max retries exceeded with url: /bot659328109:QFVgG7mqkkOFzR_oflqXAb3uEUOXxwIuVVU/getUpdates?offset=282&timeout=20 (Caused by NameResolutionError("<urllib3.connection.HTTPSConnection object at 0x72dc066720>: Failed to resolve 'tapi.bale.ai' ([Errno 7] No address associated with hostname)"))
Error: HTTPSConnectionPool(host='tapi.bale.ai', port=443): Max retries exceeded with url: /bot659328109:QFVgG7mqkkOFzR_oflqXAb3uEUOXxwIuVVU/getUpdates?offset=282&timeout=20 (Caused by NameResolutionError("<urllib3.connection.HTTPSConnection object at 0x72dd908560>: Failed to resolve 'tapi.bale.ai' ([Errno 7] No address associated with hostname)"))
Error: HTTPSConnectionPool(host='tapi.bale.ai', port=443): Max retries exceeded with url: /bot659328109:QFVgG7mqkkOFzR_oflqXAb3uEUOXxwIuVVU/getUpdates?offset=282&timeout=20 (Caused by NameResolutionError("<urllib3.connection.HTTPSConnection object at 0x72dc02d430>: Failed to resolve 'tapi.bale.ai' ([Errno 7] No address associated with hostname)"))
Error: HTTPSConnectionPool(host='tapi.bale.ai', port=443): Max retries exceeded with url: /bot659328109:QFVgG7mqkkOFzR_oflqXAb3uEUOXxwIuVVU/getUpdates?offset=282&timeout=20 (Caused by NameResolutionError("<urllib3.connection.HTTPSConnection object at 0x72dc02ec30>: Failed to resolve 'tapi.bale.ai' ([Errno 7] No address associated with hostname)"))
Error: HTTPSConnectionPool(host='tapi.bale.ai', port=443): Max retries exceeded with url: /bot659328109:QFVgG7mqkkOFzR_oflqXAb3uEUOXxwIuVVU/getUpdates?offset=282&timeout=20 (Caused by NameResolutionError("<urllib3.connection.HTTPSConnection object at 0x72dd41e510>: Failed to resolve 'tapi.bale.ai' ([Errno 7] No address associated with hostname)"))
Error: HTTPSConnectionPool(host='tapi.bale.ai', port=443): Max retries exceeded with url: /bot659328109:QFVgG7mqkkOFzR_oflqXAb3uEUOXxwIuVVU/getUpdates?offset=282&timeout=20 (Caused by NameResolutionError("<urllib3.connection.HTTPSConnection object at 0x72dc0668a0>: Failed to resolve 'tapi.bale.ai' ([Errno 7] No address associated with hostname)"))
Error: HTTPSConnectionPool(host='tapi.bale.ai', port=443): Max retries exceeded with url: /bot659328109:QFVgG7mqkkOFzR_oflqXAb3uEUOXxwIuVVU/getUpdates?offset=282&timeout=20 (Caused by NameResolutionError("<urllib3.connection.HTTPSConnection object at 0x72dc067c80>: Failed to resolve 'tapi.bale.ai' ([Errno 7] No address associated with hostname)"))
Error: HTTPSConnectionPool(host='tapi.bale.ai', port=443): Max retries exceeded with url: /bot659328109:QFVgG7mqkkOFzR_oflqXAb3uEUOXxwIuVVU/getUpdates?offset=282&timeout=20 (Caused by NameResolutionError("<urllib3.connection.HTTPSConnection object at 0x72e05f6960>: Failed to resolve 'tapi.bale.ai' ([Errno 7] No address associated with hostname)"))
Error: HTTPSConnectionPool(host='tapi.bale.ai', port=443): Max retries exceeded with url: /bot659328109:QFVgG7mqkkOFzR_oflqXAb3uEUOXxwIuVVU/getUpdates?offset=282&timeout=20 (Caused by NameResolutionError("<urllib3.connection.HTTPSConnection object at 0x72dc02fce0>: Failed to resolve 'tapi.bale.ai' ([Errno 7] No address associated with hostname)"))
Error: HTTPSConnectionPool(host='tapi.bale.ai', port=443): Max retries exceeded with url: /bot659328109:QFVgG7mqkkOFzR_oflqXAb3uEUOXxwIuVVU/getUpdates?offset=282&timeout=20 (Caused by NameResolutionError("<urllib3.connection.HTTPSConnection object at 0x72dc02f5c0>: Failed to resolve 'tapi.bale.ai' ([Errno 7] No address associated with hostname)"))
Error: HTTPSConnectionPool(host='tapi.bale.ai', port=443): Max retries exceeded with url: /bot659328109:QFVgG7mqkkOFzR_oflqXAb3uEUOXxwIuVVU/getUpdates?offset=282&timeout=20 (Caused by NameResolutionError("<urllib3.connection.HTTPSConnection object at 0x72dd93f320>: Failed to resolve 'tapi.bale.ai' ([Errno 7] No address associated with hostname)"))
Error: HTTPSConnectionPool(host='tapi.bale.ai', port=443): Max retries exceeded with url: /bot659328109:QFVgG7mqkkOFzR_oflqXAb3uEUOXxwIuVVU/getUpdates?offset=282&timeout=20 (Caused by NameResolutionError("<urllib3.connection.HTTPSConnection object at 0x72dc066150>: Failed to resolve 'tapi.bale.ai' ([Errno 7] No address associated with hostname)"))
Error: HTTPSConnectionPool(host='tapi.bale.ai', port=443): Max retries exceeded with url: /bot659328109:QFVgG7mqkkOFzR_oflqXAb3uEUOXxwIuVVU/getUpdates?offset=282&timeout=20 (Caused by NameResolutionError("<urllib3.connection.HTTPSConnection object at 0x72dc064350>: Failed to resolve 'tapi.bale.ai' ([Errno 7] No address associated with hostname)"))
Error: HTTPSConnectionPool(host='tapi.bale.ai', port=443): Max retries exceeded with url: /bot659328109:QFVgG7mqkkOFzR_oflqXAb3uEUOXxwIuVVU/getUpdates?offset=282&timeout=20 (Caused by NameResolutionError("<urllib3.connection.HTTPSConnection object at 0x72dc067b00>: Failed to resolve 'tapi.bale.ai' ([Errno 7] No address associated with hostname)"))
Error: HTTPSConnectionPool(host='tapi.bale.ai', port=443): Max retries exceeded with url: /bot659328109:QFVgG7mqkkOFzR_oflqXAb3uEUOXxwIuVVU/getUpdates?offset=282&timeout=20 (Caused by NameResolutionError("<urllib3.connection.HTTPSConnection object at 0x72e04e6cf0>: Failed to resolve 'tapi.bale.ai' ([Errno 7] No address associated with hostname)"))
Error: HTTPSConnectionPool(host='tapi.bale.ai', port=443): Max retries exceeded with url: /bot659328109:QFVgG7mqkkOFzR_oflqXAb3uEUOXxwIuVVU/getUpdates?offset=282&timeout=20 (Caused by NameResolutionError("<urllib3.connection.HTTPSConnection object at 0x72dc02f2c0>: Failed to resolve 'tapi.bale.ai' ([Errno 7] No address associated with hostname)"))
Error: HTTPSConnectionPool(host='tapi.bale.ai', port=443): Max retries exceeded with url: /bot659328109:QFVgG7mqkkOFzR_oflqXAb3uEUOXxwIuVVU/getUpdates?offset=282&timeout=20 (Caused by NameResolutionError("<urllib3.connection.HTTPSConnection object at 0x72dc02e3f0>: Failed to resolve 'tapi.bale.ai' ([Errno 7] No address associated with hostname)"))
Error: HTTPSConnectionPool(host='tapi.bale.ai', port=443): Max retries exceeded with url: /bot659328109:QFVgG7mqkkOFzR_oflqXAb3uEUOXxwIuVVU/getUpdates?offset=282&timeout=20 (Caused by NameResolutionError("<urllib3.connection.HTTPSConnection object at 0x72dd138ce0>: Failed to resolve 'tapi.bale.ai' ([Errno 7] No address associated with hostname)"))
Error: HTTPSConnectionPool(host='tapi.bale.ai', port=443): Max retries exceeded with url: /bot659328109:QFVgG7mqkkOFzR_oflqXAb3uEUOXxwIuVVU/getUpdates?offset=282&timeout=20 (Caused by NameResolutionError("<urllib3.connection.HTTPSConnection object at 0x72dc067080>: Failed to resolve 'tapi.bale.ai' ([Errno 7] No address associated with hostname)"))
Error: HTTPSConnectionPool(host='tapi.bale.ai', port=443): Max retries exceeded with url: /bot659328109:QFVgG7mqkkOFzR_oflqXAb3uEUOXxwIuVVU/getUpdates?offset=282&timeout=20 (Caused by NameResolutionError("<urllib3.connection.HTTPSConnection object at 0x72dc067b60>: Failed to resolve 'tapi.bale.ai' ([Errno 7] No address associated with hostname)"))
Error: HTTPSConnectionPool(host='tapi.bale.ai', port=443): Max retries exceeded with url: /bot659328109:QFVgG7mqkkOFzR_oflqXAb3uEUOXxwIuVVU/getUpdates?offset=282&timeout=20 (Caused by NameResolutionError("<urllib3.connection.HTTPSConnection object at 0x7b4982af90>: Failed to resolve 'tapi.bale.ai' ([Errno 7] No address associated with hostname)"))
Error: HTTPSConnectionPool(host='tapi.bale.ai', port=443): Max retries exceeded with url: /bot659328109:QFVgG7mqkkOFzR_oflqXAb3uEUOXxwIuVVU/getUpdates?offset=282&timeout=20 (Caused by NameResolutionError("<urllib3.connection.HTTPSConnection object at 0x7b49a70da0>: Failed to resolve 'tapi.bale.ai' ([Errno 7] No address associated with hostname)"))
Error: HTTPSConnectionPool(host='tapi.bale.ai', port=443): Max retries exceeded with url: /bot659328109:QFVgG7mqkkOFzR_oflqXAb3uEUOXxwIuVVU/getUpdates?offset=282&timeout=20 (Caused by NameResolutionError("<urllib3.connection.HTTPSConnection object at 0x7b497f2fc0>: Failed to resolve 'tapi.bale.ai' ([Errno 7] No address associated with hostname)"))
Error: HTTPSConnectionPool(host='tapi.bale.ai', port=443): Max retries exceeded with url: /bot659328109:QFVgG7mqkkOFzR_oflqXAb3uEUOXxwIuVVU/getUpdates?offset=282&timeout=20 (Caused by NameResolutionError("<urllib3.connection.HTTPSConnection object at 0x7b497cd160>: Failed to resolve 'tapi.bale.ai' ([Errno 7] No address associated with hostname)"))
Error: HTTPSConnectionPool(host='tapi.bale.ai', port=443): Max retries exceeded with url: /bot659328109:QFVgG7mqkkOFzR_oflqXAb3uEUOXxwIuVVU/getUpdates?offset=282&timeout=20 (Caused by NameResolutionError("<urllib3.connection.HTTPSConnection object at 0x7b4a1be7e0>: Failed to resolve 'tapi.bale.ai' ([Errno 7] No address associated with hostname)"))
Error: HTTPSConnectionPool(host='tapi.bale.ai', port=443): Max retries exceeded with url: /bot659328109:QFVgG7mqkkOFzR_oflqXAb3uEUOXxwIuVVU/getUpdates?offset=282&timeout=20 (Caused by NameResolutionError("<urllib3.connection.HTTPSConnection object at 0x7b4982a780>: Failed to resolve 'tapi.bale.ai' ([Errno 7] No address associated with hostname)"))
Error: HTTPSConnectionPool(host='tapi.bale.ai', port=443): Max retries exceeded with url: /bot659328109:QFVgG7mqkkOFzR_oflqXAb3uEUOXxwIuVVU/getUpdates?offset=282&timeout=20 (Caused by NameResolutionError("<urllib3.connection.HTTPSConnection object at 0x7b49828cb0>: Failed to resolve 'tapi.bale.ai' ([Errno 7] No address associated with hostname)"))
Error: HTTPSConnectionPool(host='tapi.bale.ai', port=443): Max retries exceeded with url: /bot659328109:QFVgG7mqkkOFzR_oflqXAb3uEUOXxwIuVVU/getUpdates?offset=282&timeout=20 (Caused by NameResolutionError("<urllib3.connection.HTTPSConnection object at 0x7b4982a510>: Failed to resolve 'tapi.bale.ai' ([Errno 7] No address associated with hostname)"))
Error: HTTPSConnectionPool(host='tapi.bale.ai', port=443): Max retries exceeded with url: /bot659328109:QFVgG7mqkkOFzR_oflqXAb3uEUOXxwIuVVU/getUpdates?offset=282&timeout=20 (Caused by NameResolutionError("<urllib3.connection.HTTPSConnection object at 0x7b4d879c40>: Failed to resolve 'tapi.bale.ai' ([Errno 7] No address associated with hostname)"))
Error: HTTPSConnectionPool(host='tapi.bale.ai', port=443): Max retries exceeded with url: /bot659328109:QFVgG7mqkkOFzR_oflqXAb3uEUOXxwIuVVU/getUpdates?offset=282&timeout=20 (Caused by NameResolutionError("<urllib3.connection.HTTPSConnection object at 0x7b4a1f3ef0>: Failed to resolve 'tapi.bale.ai' ([Errno 7] No address associated with hostname)"))
Error: HTTPSConnectionPool(host='tapi.bale.ai', port=443): Max retries exceeded with url: /bot659328109:QFVgG7mqkkOFzR_oflqXAb3uEUOXxwIuVVU/getUpdates?offset=282&timeout=20 (Caused by NameResolutionError("<urllib3.connection.HTTPSConnection object at 0x7b497f3a10>: Failed to resolve 'tapi.bale.ai' ([Errno 7] No address associated with hostname)"))
Error: HTTPSConnectionPool(host='tapi.bale.ai', port=443): Max retries exceeded with url: /bot659328109:QFVgG7mqkkOFzR_oflqXAb3uEUOXxwIuVVU/getUpdates?offset=282&timeout=20 (Caused by NameResolutionError("<urllib3.connection.HTTPSConnection object at 0x7b497f2240>: Failed to resolve 'tapi.bale.ai' ([Errno 7] No address associated with hostname)"))
Error: HTTPSConnectionPool(host='tapi.bale.ai', port=443): Max retries exceeded with url: /bot659328109:QFVgG7mqkkOFzR_oflqXAb3uEUOXxwIuVVU/getUpdates?offset=282&timeout=20 (Caused by NameResolutionError("<urllib3.connection.HTTPSConnection object at 0x7b4982a7e0>: Failed to resolve 'tapi.bale.ai' ([Errno 7] No address associated with hostname)"))
Error: HTTPSConnectionPool(host='tapi.bale.ai', port=443): Max retries exceeded with url: /bot659328109:QFVgG7mqkkOFzR_oflqXAb3uEUOXxwIuVVU/getUpdates?offset=282&timeout=20 (Caused by NameResolutionError("<urllib3.connection.HTTPSConnection object at 0x7b498287d0>: Failed to resolve 'tapi.bale.ai' ([Errno 7] No address associated with hostname)"))
Error: HTTPSConnectionPool(host='tapi.bale.ai', port=443): Max retries exceeded with url: /bot659328109:QFVgG7mqkkOFzR_oflqXAb3uEUOXxwIuVVU/getUpdates?offset=282&timeout=20 (Caused by NameResolutionError("<urllib3.connection.HTTPSConnection object at 0x7b4d9972f0>: Failed to resolve 'tapi.bale.ai' ([Errno 7] No address associated with hostname)"))
Error: HTTPSConnectionPool(host='tapi.bale.ai', port=443): Max retries exceeded with url: /bot659328109:QFVgG7mqkkOFzR_oflqXAb3uEUOXxwIuVVU/getUpdates?offset=282&timeout=20 (Caused by NameResolutionError("<urllib3.connection.HTTPSConnection object at 0x7b497f2780>: Failed to resolve 'tapi.bale.ai' ([Errno 7] No address associated with hostname)"))
Error: HTTPSConnectionPool(host='tapi.bale.ai', port=443): Max retries exceeded with url: /bot659328109:QFVgG7mqkkOFzR_oflqXAb3uEUOXxwIuVVU/getUpdates?offset=282&timeout=20 (Caused by NameResolutionError("<urllib3.connection.HTTPSConnection object at 0x7b4ca5cb30>: Failed to resolve 'tapi.bale.ai' ([Errno 7] No address associated with hostname)"))
Error: HTTPSConnectionPool(host='tapi.bale.ai', port=443): Max retries exceeded with url: /bot659328109:QFVgG7mqkkOFzR_oflqXAb3uEUOXxwIuVVU/getUpdates?offset=282&timeout=20 (Caused by NameResolutionError("<urllib3.connection.HTTPSConnection object at 0x7b4a1bed50>: Failed to resolve 'tapi.bale.ai' ([Errno 7] No address associated with hostname)"))
Error: HTTPSConnectionPool(host='tapi.bale.ai', port=443): Max retries exceeded with url: /bot659328109:QFVgG7mqkkOFzR_oflqXAb3uEUOXxwIuVVU/getUpdates?offset=282&timeout=20 (Caused by NameResolutionError("<urllib3.connection.HTTPSConnection object at 0x7b498289b0>: Failed to resolve 'tapi.bale.ai' ([Errno 7] No address associated with hostname)"))
Error: HTTPSConnectionPool(host='tapi.bale.ai', port=443): Max retries exceeded with url: /bot659328109:QFVgG7mqkkOFzR_oflqXAb3uEUOXxwIuVVU/getUpdates?offset=282&timeout=20 (Caused by NameResolutionError("<urllib3.connection.HTTPSConnection object at 0x7b4982bb30>: Failed to resolve 'tapi.bale.ai' ([Errno 7] No address associated with hostname)"))
Error: HTTPSConnectionPool(host='tapi.bale.ai', port=443): Max retries exceeded with url: /bot659328109:QFVgG7mqkkOFzR_oflqXAb3uEUOXxwIuVVU/getUpdates?offset=282&timeout=20 (Caused by NameResolutionError("<urllib3.connection.HTTPSConnection object at 0x7b49828260>: Failed to resolve 'tapi.bale.ai' ([Errno 7] No address associated with hostname)"))
Error: HTTPSConnectionPool(host='tapi.bale.ai', port=443): Max retries exceeded with url: /bot659328109:QFVgG7mqkkOFzR_oflqXAb3uEUOXxwIuVVU/getUpdates?offset=282&timeout=20 (Caused by NameResolutionError("<urllib3.connection.HTTPSConnection object at 0x7b4d547cb0>: Failed to resolve 'tapi.bale.ai' ([Errno 7] No address associated with hostname)"))
Error: HTTPSConnectionPool(host='tapi.bale.ai', port=443): Max retries exceeded with url: /bot659328109:QFVgG7mqkkOFzR_oflqXAb3uEUOXxwIuVVU/getUpdates?offset=282&timeout=20 (Caused by NameResolutionError("<urllib3.connection.HTTPSConnection object at 0x7b4a1f3cb0>: Failed to resolve 'tapi.bale.ai' ([Errno 7] No address associated with hostname)"))
Error: HTTPSConnectionPool(host='tapi.bale.ai', port=443): Max retries exceeded with url: /bot659328109:QFVgG7mqkkOFzR_oflqXAb3uEUOXxwIuVVU/getUpdates?offset=282&timeout=20 (Caused by NameResolutionError("<urllib3.connection.HTTPSConnection object at 0x7b497f37a0>: Failed to resolve 'tapi.bale.ai' ([Errno 7] No address associated with hostname)"))
Error: HTTPSConnectionPool(host='tapi.bale.ai', port=443): Max retries exceeded with url: /bot659328109:QFVgG7mqkkOFzR_oflqXAb3uEUOXxwIuVVU/getUpdates?offset=282&timeout=20 (Caused by NameResolutionError("<urllib3.connection.HTTPSConnection object at 0x72dd15d010>: Failed to resolve 'tapi.bale.ai' ([Errno 7] No address associated with hostname)"))
Error: HTTPSConnectionPool(host='tapi.bale.ai', port=443): Max retries exceeded with url: /bot659328109:QFVgG7mqkkOFzR_oflqXAb3uEUOXxwIuVVU/getUpdates?offset=282&timeout=20 (Caused by NameResolutionError("<urllib3.connection.HTTPSConnection object at 0x72dc02e660>: Failed to resolve 'tapi.bale.ai' ([Errno 7] No address associated with hostname)"))
Error: HTTPSConnectionPool(host='tapi.bale.ai', port=443): Max retries exceeded with url: /bot659328109:QFVgG7mqkkOFzR_oflqXAb3uEUOXxwIuVVU/getUpdates?offset=282&timeout=20 (Caused by NameResolutionError("<urllib3.connection.HTTPSConnection object at 0x72dc02e720>: Failed to resolve 'tapi.bale.ai' ([Errno 7] No address associated with hostname)"))
Error: HTTPSConnectionPool(host='tapi.bale.ai', port=443): Max retries exceeded with url: /bot659328109:QFVgG7mqkkOFzR_oflqXAb3uEUOXxwIuVVU/getUpdates?offset=282&timeout=20 (Caused by NameResolutionError("<urllib3.connection.HTTPSConnection object at 0x72df64ab10>: Failed to resolve 'tapi.bale.ai' ([Errno 7] No address associated with hostname)"))
Error: HTTPSConnectionPool(host='tapi.bale.ai', port=443): Max retries exceeded with url: /bot659328109:QFVgG7mqkkOFzR_oflqXAb3uEUOXxwIuVVU/getUpdates?offset=282&timeout=20 (Caused by NameResolutionError("<urllib3.connection.HTTPSConnection object at 0x72dc0657c0>: Failed to resolve 'tapi.bale.ai' ([Errno 7] No address associated with hostname)"))
Error: HTTPSConnectionPool(host='tapi.bale.ai', port=443): Max retries exceeded with url: /bot659328109:QFVgG7mqkkOFzR_oflqXAb3uEUOXxwIuVVU/getUpdates?offset=282&timeout=20 (Caused by NameResolutionError("<urllib3.connection.HTTPSConnection object at 0x72dc064c80>: Failed to resolve 'tapi.bale.ai' ([Errno 7] No address associated with hostname)"))
Error: HTTPSConnectionPool(host='tapi.bale.ai', port=443): Max retries exceeded with url: /bot659328109:QFVgG7mqkkOFzR_oflqXAb3uEUOXxwIuVVU/getUpdates?offset=282&timeout=20 (Caused by NameResolutionError("<urllib3.connection.HTTPSConnection object at 0x72dc066810>: Failed to resolve 'tapi.bale.ai' ([Errno 7] No address associated with hostname)"))
Error: HTTPSConnectionPool(host='tapi.bale.ai', port=443): Max retries exceeded with url: /bot659328109:QFVgG7mqkkOFzR_oflqXAb3uEUOXxwIuVVU/getUpdates?offset=282&timeout=20 (Caused by NameResolutionError("<urllib3.connection.HTTPSConnection object at 0x72df64ab40>: Failed to resolve 'tapi.bale.ai' ([Errno 7] No address associated with hostname)"))
Error: HTTPSConnectionPool(host='tapi.bale.ai', port=443): Max retries exceeded with url: /bot659328109:QFVgG7mqkkOFzR_oflqXAb3uEUOXxwIuVVU/getUpdates?offset=282&timeout=20 (Caused by NameResolutionError("<urllib3.connection.HTTPSConnection object at 0x72dc02f080>: Failed to resolve 'tapi.bale.ai' ([Errno 7] No address associated with hostname)"))
Error: HTTPSConnectionPool(host='tapi.bale.ai', port=443): Max retries exceeded with url: /bot659328109:QFVgG7mqkkOFzR_oflqXAb3uEUOXxwIuVVU/getUpdates?offset=282&timeout=20 (Caused by NameResolutionError("<urllib3.connection.HTTPSConnection object at 0x72dc02f230>: Failed to resolve 'tapi.bale.ai' ([Errno 7] No address associated with hostname)"))
Error: HTTPSConnectionPool(host='tapi.bale.ai', port=443): Max retries exceeded with url: /bot659328109:QFVgG7mqkkOFzR_oflqXAb3uEUOXxwIuVVU/getUpdates?offset=282&timeout=20 (Caused by NameResolutionError("<urllib3.connection.HTTPSConnection object at 0x72dd138980>: Failed to resolve 'tapi.bale.ai' ([Errno 7] No address associated with hostname)"))
Error: HTTPSConnectionPool(host='tapi.bale.ai', port=443): Max retries exceeded with url: /bot659328109:QFVgG7mqkkOFzR_oflqXAb3uEUOXxwIuVVU/getUpdates?offset=282&timeout=20 (Caused by NameResolutionError("<urllib3.connection.HTTPSConnection object at 0x72dc0660c0>: Failed to resolve 'tapi.bale.ai' ([Errno 7] No address associated with hostname)"))
Error: HTTPSConnectionPool(host='tapi.bale.ai', port=443): Max retries exceeded with url: /bot659328109:QFVgG7mqkkOFzR_oflqXAb3uEUOXxwIuVVU/getUpdates?offset=282&timeout=20 (Caused by NameResolutionError("<urllib3.connection.HTTPSConnection object at 0x72dc065fa0>: Failed to resolve 'tapi.bale.ai' ([Errno 7] No address associated with hostname)"))
Error: Expecting value: line 1 column 1 (char 0)
Error: ('Connection aborted.', ConnectionResetError(104, 'Connection reset by peer'))
Error: ('Connection aborted.', RemoteDisconnected('Remote end closed connection without response'))
Error: HTTPSConnectionPool(host='tapi.bale.ai', port=443): Max retries exceeded with url: /bot659328109:QFVgG7mqkkOFzR_oflqXAb3uEUOXxwIuVVU/getUpdates?offset=283&timeout=20 (Caused by ConnectTimeoutError(<urllib3.connection.HTTPSConnection object at 0x72dc066a50>, 'Connection to tapi.bale.ai timed out. (connect timeout=None)'))
Error: ('Connection aborted.', RemoteDisconnected('Remote end closed connection without response'))
Error: ('Connection aborted.', RemoteDisconnected('Remote end closed connection without response'))
Error: HTTPSConnectionPool(host='tapi.bale.ai', port=443): Max retries exceeded with url: /bot659328109:QFVgG7mqkkOFzR_oflqXAb3uEUOXxwIuVVU/getUpdates?offset=283&timeout=20 (Caused by ConnectTimeoutError(<urllib3.connection.HTTPSConnection object at 0x72dc066090>, 'Connection to tapi.bale.ai timed out. (connect timeout=None)'))
Error: HTTPSConnectionPool(host='tapi.bale.ai', port=443): Max retries exceeded with url: /bot659328109:QFVgG7mqkkOFzR_oflqXAb3uEUOXxwIuVVU/getUpdates?offset=283&timeout=20 (Caused by ConnectTimeoutError(<urllib3.connection.HTTPSConnection object at 0x72dd8c7e60>, 'Connection to tapi.bale.ai timed out. (connect timeout=None)'))
Error: ('Connection aborted.', RemoteDisconnected('Remote end closed connection without response'))
Error: ('Connection aborted.', RemoteDisconnected('Remote end closed connection without response'))
Error: HTTPSConnectionPool(host='tapi.bale.ai', port=443): Max retries exceeded with url: /bot659328109:QFVgG7mqkkOFzR_oflqXAb3uEUOXxwIuVVU/getUpdates?offset=283&timeout=20 (Caused by ConnectTimeoutError(<urllib3.connection.HTTPSConnection object at 0x72dc066f30>, 'Connection to tapi.bale.ai timed out. (connect timeout=None)'))
Error: HTTPSConnectionPool(host='tapi.bale.ai', port=443): Max retries exceeded with url: /bot659328109:QFVgG7mqkkOFzR_oflqXAb3uEUOXxwIuVVU/getUpdates?offset=283&timeout=20 (Caused by ConnectTimeoutError(<urllib3.connection.HTTPSConnection object at 0x72dc0647a0>, 'Connection to tapi.bale.ai timed out. (connect timeout=None)'))
Error: ('Connection aborted.', RemoteDisconnected('Remote end closed connection without response'))
Error: ('Connection aborted.', RemoteDisconnected('Remote end closed connection without response'))
Error: ('Connection aborted.', ConnectionResetError(104, 'Connection reset by peer'))
Error: HTTPSConnectionPool(host='tapi.bale.ai', port=443): Max retries exceeded with url: /bot659328109:QFVgG7mqkkOFzR_oflqXAb3uEUOXxwIuVVU/getUpdates?offset=283&timeout=20 (Caused by ConnectTimeoutError(<urllib3.connection.HTTPSConnection object at 0x72dd956db0>, 'Connection to tapi.bale.ai timed out. (connect timeout=None)'))
Error: ('Connection aborted.', RemoteDisconnected('Remote end closed connection without response'))
Error: ('Connection aborted.', ConnectionResetError(104, 'Connection reset by peer'))
Error: ('Connection aborted.', RemoteDisconnected('Remote end closed connection without response'))
Error: ('Connection aborted.', ConnectionResetError(104, 'Connection reset by peer'))
Error: HTTPSConnectionPool(host='tapi.bale.ai', port=443): Max retries exceeded with url: /bot659328109:QFVgG7mqkkOFzR_oflqXAb3uEUOXxwIuVVU/getUpdates?offset=283&timeout=20 (Caused by ConnectTimeoutError(<urllib3.connection.HTTPSConnection object at 0x72dc02f110>, 'Connection to tapi.bale.ai timed out. (connect timeout=None)'))
Error: ('Connection aborted.', RemoteDisconnected('Remote end closed connection without response'))